INTL_20160320_000001	+1 extra instance entry for missions and dungeons	인던,미션 1회 추가입장				
z	Contains a variety of special benefits for all your characters in this server for 30 days. Right-click to use.{nl}[Token Benefits]{nl} - Able to learn up to 2 attributes simultaneously{nl} - Reduced Market commission fee (30% {img white_right_arrow 16 16} 10%){nl} - Able to list up to 5 items on the Market{nl} - +3 increased character movement speed{nl} - +30% EXP from hunting monsters{nl} - Able to use Premium Gestures{nl}- Able to use Personal Trade up to 30 times{nl}- 1 extra instance entry for missions and dungeons{nl}	마우스 우클릭 시 사용되며 서버 내 모든 캐릭터에 사용 시점으로부터 60일간 혜택이 적용됩니다.{nl}[토큰 효과]{nl} - 특성 스킬 2개 동시 수련 가능{nl} - 마켓 판매 수수료율 감소(30%{img white_right_arrow 16 16}10%){nl} - 마켓 판매 등록 아이템 개수 5개{nl} - 캐릭터 이동속도 +3 증가{nl} - 몬스터 처치 시 경험치 +20% 증가{nl}(PC방 혜택, 경험의 서 효과와 중첩 가능){nl} - 프리미엄 제스쳐 사용 가능{nl} - 최대 버프 적용 개수 증가{nl} - 개인 거래 60회 가능{nl} - 인던,미션 추가 1회 입장가능				
INTL_20160320_000003	Contains a variety of special benefits for all your characters in this server for 60 days. Right-click to use.{nl}[Token Benefits]{nl} - Able to learn up to 2 attributes simultaneously{nl} - Reduced Market commission fee (30% {img white_right_arrow 16 16} 10%){nl} - Able to list up to 5 items on the Market{nl} - +3 increased character movement speed{nl} - +30% EXP from hunting monsters{nl} - Able to use Premium Gestures{nl}- Able to use Personal Trade up to 60 times{nl}- 1 extra instance entry for missions and dungeons{nl}	마우스 우클릭 시 사용되며 서버 내 모든 캐릭터에 사용 시점으로부터 60일간 혜택이 적용됩니다.{nl}[토큰 효과]{nl} - 특성 스킬 2개 동시 수련 가능{nl} - 마켓 판매 수수료율 감소(30%{img white_right_arrow 16 16}10%){nl} - 마켓 판매 등록 아이템 개수 5개{nl} - 캐릭터 이동속도 +3 증가{nl} - 몬스터 처치 시 경험치 +30% 증가{nl}(PC방 혜택, 경험의 서 효과와 중첩 가능){nl} - 프리미엄 제스쳐 사용 가능{nl} - 최대 버프 적용 개수 증가{nl} - 개인 거래 60회 가능{nl} - 인던,미션 추가 1회 입장가능	INTL_20160320_000002	Contains a variety of special benefits for all your characters in this server for 30 days. Right-click to use.{nl}[Token Benefits]{nl} - Able to learn up to 2 attributes simultaneously{nl} - Reduced Market commission fee (30% {img white_right_arrow 16 16} 10%){nl} - Able to list up to 5 items on the Market{nl} - +3 increased character movement speed{nl} - +30% EXP from hunting monsters{nl} - Able to use Premium Gestures{nl}- Able to use Personal Trade up to 30 times{nl}- 1 extra instance entry for missions and dungeons{nl}	마우스 우클릭 시 사용되며 서버 내 모든 캐릭터에 사용 시점으로부터 60일간 혜택이 적용됩니다.{nl}[토큰 효과]{nl} - 특성 스킬 2개 동시 수련 가능{nl} - 마켓 판매 수수료율 감소(30%{img white_right_arrow 16 16}10%){nl} - 마켓 판매 등록 아이템 개수 5개{nl} - 캐릭터 이동속도 +3 증가{nl} - 몬스터 처치 시 경험치 +20% 증가{nl}(PC방 혜택, 경험의 서 효과와 중첩 가능){nl} - 프리미엄 제스쳐 사용 가능{nl} - 최대 버프 적용 개수 증가{nl} - 개인 거래 60회 가능{nl} - 인던,미션 추가 1회 입장가능	
INTL_20160323_000004	- Able to learn up to 2 attributes simultaneously{nl} - Reduced Market commission fee (30% {img white_right_arrow 16 16} 10%){nl} - Able to list up to 5 items on the Market{nl} - +3 increased character movement speed{nl} - Can only trade up to 30 times{nl	- 특성 스킬 2개 동시 수련 가능{nl} - 마켓 판매 수수료율 감소(30%{img white_right_arrow 16 16}10%){nl} - 마켓 판매 등록 아이템 개수 5개{nl} - 캐릭터 이동속도 +3{nl} - 미션,던전 1회 추가입장{nl} - 최대 버프 적용 개수 증가{nl} - 프리미엄 제스쳐 사용 가능{nl}				
INTL_20160326_000005	Grants Token benefits to all your characters in the server for 60 days. Right-click to use.{nl}[Token Benefits]{nl} - Able to learn up to 2 attributes simultaneously{nl} - Reduced Market commission fee (30% {img white_right_arrow 16 16} 10%){nl} - Able to list up to 5 items on the Market{nl} - +3 increased character movement speed{nl} - +30% EXP from hunting monsters{nl}(Stacks with the EXP Tome effect){nl} - Able to use Premium Gestures{nl} - Increased maximum buff count{nl} - Able to use Personal Trade up to 60 times	마우스 우클릭 시 사용되며 서버 내 모든 캐릭터에 사용 시점으로부터 60일간 혜택이 적용됩니다.{nl}[토큰 효과]{nl} - 특성 스킬 2개 동시 수련 가능{nl} - 마켓 판매 수수료율 감소(30%{img white_right_arrow 16 16}10%){nl} - 마켓 판매 등록 아이템 개수 5개{nl} - 캐릭터 이동속도 +3 증가{nl} - 몬스터 처치 시 경험치 +20% 증가{nl}(PC방 혜택, 경험의 서 효과와 중첩 가능){nl} - 프리미엄 제스쳐 사용 가능{nl} - 최대 버프 적용 개수 증가{nl} - 개인 거래 60회 가능	INTL_20160320_000003	Contains a variety of special benefits for all your characters in this server for 60 days. Right-click to use.{nl}[Token Benefits]{nl} - Able to learn up to 2 attributes simultaneously{nl} - Reduced Market commission fee (30% {img white_right_arrow 16 16} 10%){nl} - Able to list up to 5 items on the Market{nl} - +3 increased character movement speed{nl} - +30% EXP from hunting monsters{nl} - Able to use Premium Gestures{nl}- Able to use Personal Trade up to 60 times{nl}- 1 extra instance entry for missions and dungeons{nl}	마우스 우클릭 시 사용되며 서버 내 모든 캐릭터에 사용 시점으로부터 60일간 혜택이 적용됩니다.{nl}[토큰 효과]{nl} - 특성 스킬 2개 동시 수련 가능{nl} - 마켓 판매 수수료율 감소(30%{img white_right_arrow 16 16}10%){nl} - 마켓 판매 등록 아이템 개수 5개{nl} - 캐릭터 이동속도 +3 증가{nl} - 몬스터 처치 시 경험치 +30% 증가{nl}(PC방 혜택, 경험의 서 효과와 중첩 가능){nl} - 프리미엄 제스쳐 사용 가능{nl} - 최대 버프 적용 개수 증가{nl} - 개인 거래 60회 가능{nl} - 인던,미션 추가 1회 입장가능	
INTL_20160326_000006	Token: 30 Days	토큰:30일				
INTL_20160329_000007	10x Enchant Scroll Box	마법 부여 스크롤 10개 상자				
INTL_20160329_000008	Contains 10 Enchant Scrolls. Right-click to use.	사용 시 마법 부여 스크롤 10개를 획득합니다. 마우스 우클릭으로 사용합니다.				
INTL_20160329_000009	10x Megaphone Box	확성기 10개 상자				
INTL_20160329_000010	Contains 10 Megaphones. Right-click to use.	사용 시 확성기 10개를 획득합니다. 마우스 우클릭으로 사용합니다.				
INTL_20160419_000011	Use to obtain 455 TP.	사용 시 455 TP를 획득합니다.				
INTL_20160419_000012	Use to obtain 266 TP.	사용 시 266 TP를 획득합니다.				
INTL_20160419_000013	Use to obtain 112 TP.	사용 시 112 TP를 획득합니다.				
INTL_20160419_000014	Right-click to obtain the following items:{nl} - 455 TP{nl} - Token (60 Days){nl} - Hair Accessory - Popolion Doll{nl} - Hair Accessory - Hanaming Doll{nl} - Hoglan Companion Voucher{nl} - Stat Reset Potion{nl} - Skill Reset Potion{nl}	마우스 우클릭 시 사용되며 구성물을 획득할 수 있습니다.{nl} - 455 TP{nl} - 토큰(60일){nl} - 헤어 악세서리 - 포포리온 인형{nl} - 헤어 악세서리 - 하나밍 인형{nl} - 호글란 컴패니언 교환권{nl} - 스탯초기화 포션{nl} - 스킬 초기화 포션{nl}	ETC_20160320_021185	Right-click to obtain the following items:{nl} - 650 TP{nl} - Token (60 Days){nl} - Hair Accessory - Popolion Doll{nl} - Hair Accessory - Hanaming Doll{nl} - Hoglan Companion Voucher{nl} - Stat Reset Potion{nl} - Skill Reset Potion{nl}	마우스 우클릭 시 사용되며 구성물을 획득할 수 있습니다.{nl} - 650 TP{nl} - 토큰(60일){nl} - 헤어 악세서리 - 포포리온 인형{nl} - 헤어 악세서리 - 하나밍 인형{nl} - 호글란 컴패니언 교환권{nl} - 스탯초기화 포션{nl} - 스킬 초기화 포션{nl}	
INTL_20160419_000015	Right-click to obtain the following items:{nl} - 266 TP{nl} - Token (30 Days){nl} - Hair Accessory - Popolion Doll{nl}	마우스 우클릭 시 사용되며 구성물을 획득할 수 있습니다.{nl} - 266 TP{nl} - 토큰 (30일){nl} - 헤어 악세서리 - 포포리온 인형{nl}	ETC_20160320_021189	Right-click to obtain the following items:{nl} - 380 TP{nl} - Token (60 Days){nl} - Hair Accessory - Popolion Doll{nl}	마우스 우클릭 시 사용되며 구성물을 획득할 수 있습니다.{nl} - 380 TP{nl} - 토큰 (30일){nl} - 헤어 악세서리 - 포포리온 인형{nl}	
INTL_20160425_000016	Applies Token benefits to all your characters in the server for 60 days. Right-click to use.{nl}[Token Benefits]{nl} - Able to learn attributes instantaneously{nl} - Reduced Market commission fee (30% {img white_right_arrow 16 16} 10%){nl} - Able to list up to 5 items on the Market{nl} - +3 increased character movement{nl} - +20% EXP from hunting monsters{nl} - Able to use Premium Gestures{nl} - Increased maximum buff count{nl} - Able to use Personal Trade up to 60 times	마우스 우클릭 시 사용되며 서버 내 모든 캐릭터에 사용 시점으로부터 60일간 혜택이 적용됩니다.{nl}[토큰 효과]{nl} - 특성 즉시 수련 가능{nl} - 마켓 판매 수수료율 감소(30%{img white_right_arrow 16 16}10%){nl} - 마켓 판매 등록 아이템 개수 5개{nl} - 캐릭터 이동속도 +3 증가{nl} - 몬스터 처치 시 경험치 +20% 증가{nl}(PC방 혜택, 경험의 서 효과와 중첩 가능){nl} - 프리미엄 제스쳐 사용 가능{nl} - 최대 버프 적용 개수 증가{nl} - 개인 거래 60회 가능	INTL_20160326_000005	Grants Token benefits to all your characters in the server for 60 days. Right-click to use.{nl}[Token Benefits]{nl} - Able to learn up to 2 attributes simultaneously{nl} - Reduced Market commission fee (30% {img white_right_arrow 16 16} 10%){nl} - Able to list up to 5 items on the Market{nl} - +3 increased character movement speed{nl} - +30% EXP from hunting monsters{nl}(Stacks with the EXP Tome effect){nl} - Able to use Premium Gestures{nl} - Increased maximum buff count{nl} - Able to use Personal Trade up to 60 times	마우스 우클릭 시 사용되며 서버 내 모든 캐릭터에 사용 시점으로부터 60일간 혜택이 적용됩니다.{nl}[토큰 효과]{nl} - 특성 스킬 2개 동시 수련 가능{nl} - 마켓 판매 수수료율 감소(30%{img white_right_arrow 16 16}10%){nl} - 마켓 판매 등록 아이템 개수 5개{nl} - 캐릭터 이동속도 +3 증가{nl} - 몬스터 처치 시 경험치 +20% 증가{nl}(PC방 혜택, 경험의 서 효과와 중첩 가능){nl} - 프리미엄 제스쳐 사용 가능{nl} - 최대 버프 적용 개수 증가{nl} - 개인 거래 60회 가능	
INTL_20160425_000017	Applies Token benefits to all your characters in the server for 30 days. Right-click to use.{nl}[Token Benefits]{nl} - Able to learn attributes instantaneously{nl} - Reduced Market commission fee (30% {img white_right_arrow 16 16} 10%){nl} - Able to list up to 5 items on the Market{nl} - +3 increased character movement{nl} - +30% EXP from hunting monsters{nl} - Able to use Premium Gestures{nl} - Increased maximum buff count{nl} - Able to use Personal Trade up to 30 times{nl} - 1 extra instance entry for missions and dungeons	마우스 우클릭 시 사용되며 서버 내 모든 캐릭터에 사용 시점으로부터 30일간 혜택이 적용됩니다.{nl}[토큰 효과]{nl} - 특성 즉시 수련 가능{nl} - 마켓 판매 수수료율 감소(30%{img white_right_arrow 16 16}10%){nl} - 마켓 판매 등록 아이템 개수 5개{nl} - 캐릭터 이동속도 +3 증가{nl} - 몬스터 처치 시 경험치 +30% 증가{nl}(PC방 혜택, 경험의 서 효과와 중첩 가능){nl} - 프리미엄 제스쳐 사용 가능{nl} - 최대 버프 적용 개수 증가{nl} - 개인 거래 30회 가능{nl} - 개인 거래 횟수 30회{nl} - 미션,던전 1회 추가입장	ETC_20160320_021192	Grants Token benefits to all your characters in the server for 30 days. Right-click to use.{nl}[Token Benefits]{nl} - Able to learn up to 2 attributes simultaneously{nl} - Reduced Market commission fee (30% {img white_right_arrow 16 16} 10%){nl} - Able to list up to 5 items on the Market{nl} - +3 increased character movement speed{nl} - +30% EXP from hunting monsters{nl}(Stacks with the EXP Tome effect){nl} - Able to use Premium Gestures{nl} - Increased maximum buff count{nl} - Able to use Personal Trade up to 30 times{nl} - 1 extra instance entry for missions and dungeons	마우스 우클릭 시 사용되며 서버 내 모든 캐릭터에 사용 시점으로부터 30일간 혜택이 적용됩니다.{nl}[토큰 효과]{nl} - 특성 스킬 2개 동시 수련 가능{nl} - 마켓 판매 수수료율 감소(30%{img white_right_arrow 16 16}10%){nl} - 마켓 판매 등록 아이템 개수 5개{nl} - 캐릭터 이동속도 +3 증가{nl} - 몬스터 처치 시 경험치 +30% 증가{nl}(PC방 혜택, 경험의 서 효과와 중첩 가능){nl} - 프리미엄 제스쳐 사용 가능{nl} - 최대 버프 적용 개수 증가{nl} - 개인 거래 30회 가능{nl} - 개인 거래 횟수 30회{nl} - 미션,던전 1회 추가입장	
INTL_20160425_000018	Applies Token benefits to all your characters in the server for 60 days. Right-click to use.{nl}[Token Benefits]{nl} - Able to learn attributes instantaneously{nl} - Reduced Market commission fee (30% {img white_right_arrow 16 16} 10%){nl} - Able to list up to 5 items on the Market{nl} - +3 increased character movement{nl} - +30% EXP from hunting monsters{nl} - Able to use Premium Gestures{nl} - Increased maximum buff count{nl} - Able to use Personal Trade up to 60 times{nl} - 1 extra instance entry for missions and dungeons	마우스 우클릭 시 사용되며 서버 내 모든 캐릭터에 사용 시점으로부터 60일간 혜택이 적용됩니다.{nl}[토큰 효과]{nl} - 특성 스킬 즉시 수련 가능{nl} - 마켓 판매 수수료율 감소(30%{img white_right_arrow 16 16}10%){nl} - 마켓 판매 등록 아이템 개수 5개{nl} - 캐릭터 이동속도 +3 증가{nl} - 몬스터 처치 시 경험치 +30% 증가{nl}(PC방 혜택, 경험의 서 효과와 중첩 가능){nl} - 프리미엄 제스쳐 사용 가능{nl} - 최대 버프 적용 개수 증가{nl} - 개인 거래 60회 가능{nl} - 미션,던전 추가 1회 추가입장	ETC_20160320_021194	Grants Token benefits to all your characters in the server for 30 days. Right-click to use.{nl}[Token Benefits]{nl} - Able to learn up to 2 attributes simultaneously{nl} - Reduced Market commission fee (30% {img white_right_arrow 16 16} 10%){nl} - Able to list up to 5 items on the Market{nl} - +3 increased character movement speed{nl} - +30% EXP from hunting monsters{nl}(Stacks with the EXP Tome effect){nl} - Able to use Premium Gestures{nl} - Increased maximum buff count{nl} - Able to use Personal Trade up to 60 times{nl} - 1 extra instance entry for missions and dungeons	마우스 우클릭 시 사용되며 서버 내 모든 캐릭터에 사용 시점으로부터 60일간 혜택이 적용됩니다.{nl}[토큰 효과]{nl} - 특성 스킬 2개 동시 수련 가능{nl} - 마켓 판매 수수료율 감소(30%{img white_right_arrow 16 16}10%){nl} - 마켓 판매 등록 아이템 개수 5개{nl} - 캐릭터 이동속도 +3 증가{nl} - 몬스터 처치 시 경험치 +30% 증가{nl}(PC방 혜택, 경험의 서 효과와 중첩 가능){nl} - 프리미엄 제스쳐 사용 가능{nl} - 최대 버프 적용 개수 증가{nl} - 개인 거래 60회 가능{nl} - 미션,던전 추가 1회 추가입장	
INTL_20160426_000019	Grants Token benefits to all your characters in the server for 60 days. Right-click to use.{nl}[Token Benefits]{nl} - Able to learn up to 2 attributes simultaneously{nl} - Reduced Market commission fee (30% {img white_right_arrow 16 16} 10%){nl} - Able to list up to 5 items on the Market{nl} - +3 increased character movement speed{nl} - +30% EXP from hunting monsters{nl}(Stacks with the EXP Tome effect){nl} - Able to use Premium Gestures{nl} - Increased maximum buff count{nl} - Able to use Personal Trade up to 60 times{nl}	마우스 우클릭 시 사용되며 서버 내 모든 캐릭터에 사용 시점으로부터 60일간 혜택이 적용됩니다.{nl}[토큰 효과]{nl} - 특성 즉시 수련 가능{nl} - 마켓 판매 수수료율 감소(30%{img white_right_arrow 16 16}10%){nl} - 마켓 판매 등록 아이템 개수 9개{nl} - 캐릭터 이동속도 +3 증가{nl} - 몬스터 처치 시 경험치 +20% 증가{nl}(PC방 혜택, 경험의 서 효과와 중첩 가능){nl} - 프리미엄 제스쳐 사용 가능{nl} - 최대 버프 적용 개수 증가{nl} - 개인 거래 60회 가능	INTL_20160425_000016	Applies Token benefits to all your characters in the server for 60 days. Right-click to use.{nl}[Token Benefits]{nl} - Able to learn attributes instantaneously{nl} - Reduced Market commission fee (30% {img white_right_arrow 16 16} 10%){nl} - Able to list up to 5 items on the Market{nl} - +3 increased character movement{nl} - +20% EXP from hunting monsters{nl} - Able to use Premium Gestures{nl} - Increased maximum buff count{nl} - Able to use Personal Trade up to 60 times	마우스 우클릭 시 사용되며 서버 내 모든 캐릭터에 사용 시점으로부터 60일간 혜택이 적용됩니다.{nl}[토큰 효과]{nl} - 특성 즉시 수련 가능{nl} - 마켓 판매 수수료율 감소(30%{img white_right_arrow 16 16}10%){nl} - 마켓 판매 등록 아이템 개수 5개{nl} - 캐릭터 이동속도 +3 증가{nl} - 몬스터 처치 시 경험치 +20% 증가{nl}(PC방 혜택, 경험의 서 효과와 중첩 가능){nl} - 프리미엄 제스쳐 사용 가능{nl} - 최대 버프 적용 개수 증가{nl} - 개인 거래 60회 가능	
INTL_20160426_000020	Applies Token benefits to all your characters in the server for 30 days. Right-click to use.{nl}[Token Benefits]{nl} - Able to learn attributes instantaneously{nl} - Reduced Market commission fee (30% {img white_right_arrow 16 16} 10%){nl} - Able to list up to 10 items on the Market{nl} - +3 increased character movement{nl} - +30% EXP from hunting monsters{nl} - Able to use Premium Gestures{nl} - Increased maximum buff count{nl} - Able to use Personal Trade up to 30 times{nl} - 1 extra instance entry for missions and dungeons	마우스 우클릭 시 사용되며 서버 내 모든 캐릭터에 사용 시점으로부터 30일간 혜택이 적용됩니다.{nl}[토큰 효과]{nl} - 특성 즉시 수련 가능{nl} - 마켓 판매 수수료율 감소(30%{img white_right_arrow 16 16}10%){nl} - 마켓 판매 등록 아이템 개수 9개{nl} - 캐릭터 이동속도 +3 증가{nl} - 몬스터 처치 시 경험치 +30% 증가{nl}(PC방 혜택, 경험의 서 효과와 중첩 가능){nl} - 프리미엄 제스쳐 사용 가능{nl} - 최대 버프 적용 개수 증가{nl} - 개인 거래 30회 가능{nl} - 개인 거래 횟수 30회{nl} - 미션,던전 1회 추가입장	INTL_20160425_000017	Applies Token benefits to all your characters in the server for 30 days. Right-click to use.{nl}[Token Benefits]{nl} - Able to learn attributes instantaneously{nl} - Reduced Market commission fee (30% {img white_right_arrow 16 16} 10%){nl} - Able to list up to 5 items on the Market{nl} - +3 increased character movement{nl} - +30% EXP from hunting monsters{nl} - Able to use Premium Gestures{nl} - Increased maximum buff count{nl} - Able to use Personal Trade up to 30 times{nl} - 1 extra instance entry for missions and dungeons	마우스 우클릭 시 사용되며 서버 내 모든 캐릭터에 사용 시점으로부터 30일간 혜택이 적용됩니다.{nl}[토큰 효과]{nl} - 특성 즉시 수련 가능{nl} - 마켓 판매 수수료율 감소(30%{img white_right_arrow 16 16}10%){nl} - 마켓 판매 등록 아이템 개수 5개{nl} - 캐릭터 이동속도 +3 증가{nl} - 몬스터 처치 시 경험치 +30% 증가{nl}(PC방 혜택, 경험의 서 효과와 중첩 가능){nl} - 프리미엄 제스쳐 사용 가능{nl} - 최대 버프 적용 개수 증가{nl} - 개인 거래 30회 가능{nl} - 개인 거래 횟수 30회{nl} - 미션,던전 1회 추가입장	
INTL_20160426_000021	Grants Token benefits to all your characters in the server for 60 days. Right-click to use.{nl}[Token Benefits]{nl} - Able to learn up to 2 attributes simultaneously{nl} - Reduced Market commission fee (30% {img white_right_arrow 16 16} 10%){nl} - Able to list up to 10 items on the Market{nl} - +3 increased character movement speed{nl} - +30% EXP from hunting monsters{nl}(Stacks with the EXP Tome effect){nl} - Able to use Premium Gestures{nl} - Increased maximum buff count{nl} - Able to use Personal Trade up to 60 times{nl} - 1 extra instance entry for missions and dungeons	마우스 우클릭 시 사용되며 서버 내 모든 캐릭터에 사용 시점으로부터 60일간 혜택이 적용됩니다.{nl}[토큰 효과]{nl} - 특성 스킬 즉시 수련 가능{nl} - 마켓 판매 수수료율 감소(30%{img white_right_arrow 16 16}10%){nl} - 마켓 판매 등록 아이템 개수 9개{nl} - 캐릭터 이동속도 +3 증가{nl} - 몬스터 처치 시 경험치 +30% 증가{nl}(PC방 혜택, 경험의 서 효과와 중첩 가능){nl} - 프리미엄 제스쳐 사용 가능{nl} - 최대 버프 적용 개수 증가{nl} - 개인 거래 60회 가능{nl} - 미션,던전 추가 1회 추가입장	INTL_20160425_000018	Applies Token benefits to all your characters in the server for 60 days. Right-click to use.{nl}[Token Benefits]{nl} - Able to learn attributes instantaneously{nl} - Reduced Market commission fee (30% {img white_right_arrow 16 16} 10%){nl} - Able to list up to 5 items on the Market{nl} - +3 increased character movement{nl} - +30% EXP from hunting monsters{nl} - Able to use Premium Gestures{nl} - Increased maximum buff count{nl} - Able to use Personal Trade up to 60 times{nl} - 1 extra instance entry for missions and dungeons	마우스 우클릭 시 사용되며 서버 내 모든 캐릭터에 사용 시점으로부터 60일간 혜택이 적용됩니다.{nl}[토큰 효과]{nl} - 특성 스킬 즉시 수련 가능{nl} - 마켓 판매 수수료율 감소(30%{img white_right_arrow 16 16}10%){nl} - 마켓 판매 등록 아이템 개수 5개{nl} - 캐릭터 이동속도 +3 증가{nl} - 몬스터 처치 시 경험치 +30% 증가{nl}(PC방 혜택, 경험의 서 효과와 중첩 가능){nl} - 프리미엄 제스쳐 사용 가능{nl} - 최대 버프 적용 개수 증가{nl} - 개인 거래 60회 가능{nl} - 미션,던전 추가 1회 추가입장	
INTL_20160512_000022	Use to obtain the following items:{nl} - 190 TP{nl} - Token: 15 Days{nl} - 20x Highly Condensed HP & SP Potion{nl} - 15x Soul Crystal{nl} - 15x Megaphone{nl} - 15x Warp Scroll{nl}	마우스 우클릭 시 사용되며 구성물을 획득할 수 있습니다.{nl} - 190 TP{nl} - 토큰 - 증정용 (15일){nl} - 고농축 HP/SP포션 20개{nl} - 소울크리스탈 15개{nl} - 확성기 15개{nl} - 워프주문서 15개{nl}				
INTL_20160512_000023	Use to obtain 190 TP.	사용 시 190 TP를 획득합니다.				
INTL_20160512_000024	Use to obtain the following items:{nl} - Token: 30 Days{nl} - 4x Enchant Scroll{nl} - 5x Instanced Dungeon Reset Voucher{nl}	마우스 우클릭 시 사용되며 구성물을 획득할 수 있습니다.{nl} - 토큰 (30일){nl} - 마법 부여 스크롤 X 4{nl} - 인던 입장 횟수 초기화권 X 5{nl}				
INTL_20160728_000025	Applies Token benefits to all your characters in the server for 30 days. Right-click to use.{nl}[Token Benefits]{nl} - Able to learn attributes instantaneously{nl} - Reduced Market commission fee (30% {img white_right_arrow 16 16} 10%){nl} - Able to list up to 10 items on the Market{nl} - +3 increased character movement{nl} - +30% EXP from hunting monsters{nl} - Able to use Premium Gestures{nl} - Increased maximum buff count{nl} - Able to use Personal Trade up to 30 times{nl} - 1 extra instance entry for missions and dungeons	마우스 우클릭 시 사용되며 서버 내 모든 캐릭터에 사용 시점으로부터 30일간 혜택이 적용됩니다.{nl}[토큰 효과]{nl} - 특성 스킬 2개 동시 수련 가능{nl} - 마켓 판매 수수료율 감소(30%{img white_right_arrow 16 16}10%){nl} - 마켓 판매 등록 아이템 개수 9개{nl} - 캐릭터 이동속도 +3 증가{nl} - 몬스터 처치 시 경험치 +30% 증가{nl}(PC방 혜택, 경험의 서 효과와 중첩 가능){nl} - 프리미엄 제스쳐 사용 가능{nl} - 개인 거래 30회 가능{nl} - 개인 거래 횟수 30회{nl} - 미션,던전 1회 추가입장				
INTL_20160728_000026	Applies Token benefits to all your characters in the server for 60 days. Right-click to use.{nl}[Token Benefits]{nl} - Able to learn attributes instantaneously{nl} - Reduced Market commission fee (30% {img white_right_arrow 16 16} 10%){nl} - Able to list up to 10 items on the Market{nl} - +3 increased character movement{nl} - +30% EXP from hunting monsters{nl} - Able to use Premium Gestures{nl} - Increased maximum buff count{nl} - Able to use Personal Trade up to 60 times{nl} - 1 extra instance entry for missions and dungeons	마우스 우클릭 시 사용되며 서버 내 모든 캐릭터에 사용 시점으로부터 60일간 혜택이 적용됩니다.{nl}[토큰 효과]{nl} - 특성 즉시 수련 가능{nl} - 마켓 판매 수수료율 감소(30%{img white_right_arrow 16 16}10%){nl} - 마켓 판매 등록 아이템 개수 9개{nl} - 캐릭터 이동속도 +3 증가{nl} - 몬스터 처치 시 경험치 +30% 증가{nl}(PC방 혜택, 경험의 서 효과와 중첩 가능){nl} - 프리미엄 제스쳐 사용 가능{nl} - 최대 버프 적용 개수 증가{nl} - 개인 거래 60회 가능{nl} - 미션,던전 1회 추가입장	INTL_20160426_000019	Grants Token benefits to all your characters in the server for 60 days. Right-click to use.{nl}[Token Benefits]{nl} - Able to learn up to 2 attributes simultaneously{nl} - Reduced Market commission fee (30% {img white_right_arrow 16 16} 10%){nl} - Able to list up to 5 items on the Market{nl} - +3 increased character movement speed{nl} - +30% EXP from hunting monsters{nl}(Stacks with the EXP Tome effect){nl} - Able to use Premium Gestures{nl} - Increased maximum buff count{nl} - Able to use Personal Trade up to 60 times{nl}	마우스 우클릭 시 사용되며 서버 내 모든 캐릭터에 사용 시점으로부터 60일간 혜택이 적용됩니다.{nl}[토큰 효과]{nl} - 특성 즉시 수련 가능{nl} - 마켓 판매 수수료율 감소(30%{img white_right_arrow 16 16}10%){nl} - 마켓 판매 등록 아이템 개수 9개{nl} - 캐릭터 이동속도 +3 증가{nl} - 몬스터 처치 시 경험치 +20% 증가{nl}(PC방 혜택, 경험의 서 효과와 중첩 가능){nl} - 프리미엄 제스쳐 사용 가능{nl} - 최대 버프 적용 개수 증가{nl} - 개인 거래 60회 가능	
INTL_20160728_000027	Applies Token benefits to all your characters in the server for 30 days. Right-click to use.{nl}[Token Benefits]{nl} - Able to learn attributes instantaneously{nl} - Reduced Market commission fee (30% {img white_right_arrow 16 16} 10%){nl} - Able to list up to 10 items on the Market{nl} - +3 increased character movement{nl} - +30% EXP from hunting monsters{nl} - Able to use Premium Gestures{nl} - Increased maximum buff count{nl} - Able to use Personal Trade up to 30 times{nl} - 1 extra instance entry for missions and dungeons	마우스 우클릭 시 사용되며 서버 내 모든 캐릭터에 사용 시점으로부터 30일간 혜택이 적용됩니다.{nl}[토큰 효과]{nl} - 특성 즉시 수련 가능{nl} - 마켓 판매 수수료율 감소(30%{img white_right_arrow 16 16}10%){nl} - 마켓 판매 등록 아이템 개수 9개{nl} - 캐릭터 이동속도 +3 증가{nl} - 몬스터 처치 시 경험치 +30% 증가{nl}(PC방 혜택, 경험의 서 효과와 중첩 가능){nl} - 프리미엄 제스쳐 사용 가능{nl} - 최대 버프 적용 개수 증가{nl} - 개인 거래 30회 가능{nl} - 미션,던전 1회 추가입장	INTL_20160426_000020	Applies Token benefits to all your characters in the server for 30 days. Right-click to use.{nl}[Token Benefits]{nl} - Able to learn attributes instantaneously{nl} - Reduced Market commission fee (30% {img white_right_arrow 16 16} 10%){nl} - Able to list up to 10 items on the Market{nl} - +3 increased character movement{nl} - +30% EXP from hunting monsters{nl} - Able to use Premium Gestures{nl} - Increased maximum buff count{nl} - Able to use Personal Trade up to 30 times{nl} - 1 extra instance entry for missions and dungeons	마우스 우클릭 시 사용되며 서버 내 모든 캐릭터에 사용 시점으로부터 30일간 혜택이 적용됩니다.{nl}[토큰 효과]{nl} - 특성 즉시 수련 가능{nl} - 마켓 판매 수수료율 감소(30%{img white_right_arrow 16 16}10%){nl} - 마켓 판매 등록 아이템 개수 9개{nl} - 캐릭터 이동속도 +3 증가{nl} - 몬스터 처치 시 경험치 +30% 증가{nl}(PC방 혜택, 경험의 서 효과와 중첩 가능){nl} - 프리미엄 제스쳐 사용 가능{nl} - 최대 버프 적용 개수 증가{nl} - 개인 거래 30회 가능{nl} - 개인 거래 횟수 30회{nl} - 미션,던전 1회 추가입장	
INTL_20160728_000028	Applies Token benefits to all your characters in the server for 7 days. Right-click to use.{nl}[Token Benefits]{nl} - Able to learn attributes instantaneously{nl} - Reduced Market commission fee (30% {img white_right_arrow 16 16} 10%){nl} - Able to list up to 10 items on the Market{nl} - +3 increased character movement{nl} - +30% EXP from hunting monsters{nl} - Able to use Premium Gestures{nl} - Increased maximum buff count{nl} - 1 extra instance entry for missions and dungeons	마우스 우클릭 시 사용되며 서버 내 모든 캐릭터에 사용 시점으로부터 7일간 혜택이 적용됩니다.{nl}[토큰 효과]{nl} - 특성 즉시 수련 가능{nl} - 마켓 판매 수수료율 감소(30%{img white_right_arrow 16 16}10%){nl} - 마켓 판매 등록 아이템 개수 9개{nl} - 캐릭터 이동속도 +3 증가{nl} - 몬스터 처치 시 경험치 +30% 증가{nl}(PC방 혜택, 경험의 서 효과와 중첩 가능){nl} - 프리미엄 제스쳐 사용 가능{nl} - 최대 버프 적용 개수 증가{nl} - 미션,던전 1회 추가입장				
INTL_20161107_000029	Right-click to obtain the following items:{nl} - 150x Highly Enriched HP Potion {nl} -  150x Highly Enriched SP Potion {nl}- 20x Honey Dumpling {nl}- 20x Settlement Support Potion{nl}- 10x Instance Clear Voucher {img star_mark 20 20}{nl}- 20x Soul Crystal{nl} - 30x Warp Scroll {nl}- 10x Enchant Scroll{nl} - 1x Skill Reset Potion{nl}- 1x Stat Reset Potion	마우스 우클릭 시 사용되며 구성물을 획득할 수 있습니다.{nl} - 고농축 HP포션 150개{nl} - 고농축 SP포션 150개{nl} - 대왕꿀송편 20개{nl}- 정착지원 포션 20개{nl}- 인스턴스 던전 소탕권 [★] 10개{nl}- 소울 크리스탈 20개{nl}- 워프주문서 30개{nl}- 마부스크롤 10개{nl}- 스킬 초기화 포션 1개{nl}- 스탯 초기화 포션 1개				
INTL_20161114_000030	Market sales silver payment delay: 24 hours.	마켓 판매 실버대금 딜레이 24시간.				
INTL_20161114_000031	Sales silver payment delay with Token: 1 hour.	토큰전용 판매실버대금 1시간.				
INTL_20161114_000032	Sales silver payment delay with Token: 24 hours.	토큰전용 판매실버대금 24시간.	INTL_20161114_000031	Sales silver payment delay with Token: 1 hour.	토큰전용 판매실버대금 1시간.	
INTL_20161121_000033	Right-click to obtain the following items:{nl} - 100x Highly Condensed HP Potion {nl} -  100x Highly Condensed SP Potion {nl}- 10x Honey Dumpling {nl}- 10x Settlement Support Potion{nl}- 5x Instanced Clear Voucher {img star_mark 20 20}{nl} - 1x Skill Reset Potion{nl}- 1x Stat Reset Potion	마우스 우클릭 시 사용되며 구성물을 획득할 수 있습니다.{nl} - 고농축 HP포션 100개{nl} - 고농축 SP포션 100개{nl} - 대왕꿀송편 10개{nl}- 정착지원 포션 10개{nl}- 인스턴스 던전 소탕권 [★] 5개{nl}- 스킬 초기화 포션 1개{nl}- 스탯 초기화 포션 1개	INTL_20161107_000029	Right-click to obtain the following items:{nl} - 150x Highly Enriched HP Potion {nl} -  150x Highly Enriched SP Potion {nl}- 20x Honey Dumpling {nl}- 20x Settlement Support Potion{nl}- 10x Instance Clear Voucher {img star_mark 20 20}{nl}- 20x Soul Crystal{nl} - 30x Warp Scroll {nl}- 10x Enchant Scroll{nl} - 1x Skill Reset Potion{nl}- 1x Stat Reset Potion	마우스 우클릭 시 사용되며 구성물을 획득할 수 있습니다.{nl} - 고농축 HP포션 150개{nl} - 고농축 SP포션 150개{nl} - 대왕꿀송편 20개{nl}- 정착지원 포션 20개{nl}- 인스턴스 던전 소탕권 [★] 10개{nl}- 소울 크리스탈 20개{nl}- 워프주문서 30개{nl}- 마부스크롤 10개{nl}- 스킬 초기화 포션 1개{nl}- 스탯 초기화 포션 1개	
INTL_20161214_000034	Token users not affected.	토큰 사용자는 상/하안가에 영향을 받지 않는다.				
INTL_20161214_000035	Will the Token be tradable after being traded in the Market? (1: tradable, 0: untradable)	토큰은 마켓에서 거래한 이후에도 계속 거래 가능하게 할 것인가?(1:거래가능, 0:거래불가)				
INTL_20170510_000036	Right-click to obtain the following items:{nl} - Token: 7 Days [Event]{nl} - Enchant Scroll (14 Days) x10{nl} - Emote Plus: Popolion{nl}- Simple Costume Box{nl}- Imperial Fan (30 Days){nl} - Red Beret{nl} - Light Salmon Dye{nl} - Crimson Contact Lenses{nl} - Lv2 Settlement Support Potion x10{nl} -Keista Restoration Potion Lv2 x20	마우스 우클릭 시 사용되며 구성물을 획득할 수 있습니다.{nl} - 토큰:7일[증정용]{nl} - 마법 부여 스크롤(14일) 10개{nl} - 이모티콘 플러스 패키지 : 포포리온{nl}- 심플 코스튬 상자{nl}- 파초선(30일){nl} - 붉은 베레모{nl} - 라이트 살몬 염색약{nl} - 크림슨 렌즈{nl} - 정착 지원 포션 Lv2 10개{nl} - 케이스타스 회복포션Lv2 20개				
INTL_20170605_000037	A crown created on behalf of a nameless queen.{nl} Can be exchanged for medals in the Exchange Shop.	이름없는 여왕을 위해서 제작된 왕관입니다.{nl} 리사이클샵에서 메달로 교환 가능합니다.				
INTL_20170605_000038	A tool made of long elastic material that, when effort is applied, produces power when rotated.{nl} Can be exchanged for medals in the Exchange Shop.	축을 중심으로 돌려서 길다란 고탄성 소재를 감은뒤 그것이 돌아가는 힘을 이용해 동력을 만들어내는 장치입니다.{nl}리사이클샵에서 메달로 교환 가능합니다.				
INTL_20170605_000039	A tool used to quickly bake bread.{nl} Can be exchanged for medals in the Exchange Shop.	쉽게 빠르게 빵을 굽는 도구입니다.{nl} 리사이클샵에서 메달로 교환 가능합니다.				
INTL_20170605_000040	The most advanced way to convey information.{nl} Can be exchanged for medals in the Exchange Shop.	정보를 전달하는 이 세계의 최신 기술입니다.{nl} 리사이클샵에서 메달로 교환 가능합니다.				
INTL_20170703_000041	Yes, turning your head about 270 degrees is possible!{nl}Can be exchanged for medals at the Exchange Shop.	고개를 약 270도 까지 돌리는 것이 가능합니다.{nl} 리사이클샵에서 메달로 교환 가능합니다.				
INTL_20170703_000042	A small figurine carved by a Dievdirbys.{nl}Can be exchanged for medals at the Exchange Shop.	딥디르비가 만든 착용 가능한 세계수 조각 머리 장식입니다.{nl} 리사이클샵에서 메달로 교환 가능합니다.				
INTL_20170728_000043	SPARTAAAAA!!!{nl}Can be exchanged for medals at the Exchange Shop.	스파르타!!!!!{nl} 리사이클샵에서 메달로 교환 가능합니다.				
INTL_20170925_000044	Applies Token benefits to all your characters in the server for 30 days. Right-click to use.{nl}[Token Benefits]{nl} - Able to learn attributes instantaneously{nl} - Reduced Market commission fee (30% {img white_right_arrow 16 16} 10%){nl} - Able to list up to 10 items on the Market{nl} - +3 increased character movement{nl} - +30% EXP from hunting monsters{nl} - Able to use Premium Gestures{nl} - Increased maximum buff count{nl} - Able to use Personal Trade up to 30 times{nl} - 1 extra instance entry for missions and dungeons	마우스 우클릭 시 사용되며 서버 내 모든 캐릭터에 사용 시점으로부터 30일간 혜택이 적용됩니다.{nl}[토큰 효과]{nl} - 특성 스킬 2개 동시 수련 가능{nl} - 마켓 판매 수수료율 감소(30%{img white_right_arrow 16 16}10%){nl} - 마켓 판매 등록 아이템 개수 9개{nl} - 캐릭터 이동속도 +3 증가{nl} - 몬스터 처치 시 경험치 +30% 증가{nl}(PC방 혜택, 경험의 서 효과와 중첩 가능){nl} - 프리미엄 제스쳐 사용 가능{nl} - 개인 거래 30회 가능{nl} - 미션,던전 1회 추가입장{nl} - 살러스 수녀원 미션 완료 보상 +1	INTL_20160728_000025	Applies Token benefits to all your characters in the server for 30 days. Right-click to use.{nl}[Token Benefits]{nl} - Able to learn attributes instantaneously{nl} - Reduced Market commission fee (30% {img white_right_arrow 16 16} 10%){nl} - Able to list up to 10 items on the Market{nl} - +3 increased character movement{nl} - +30% EXP from hunting monsters{nl} - Able to use Premium Gestures{nl} - Increased maximum buff count{nl} - Able to use Personal Trade up to 30 times{nl} - 1 extra instance entry for missions and dungeons	마우스 우클릭 시 사용되며 서버 내 모든 캐릭터에 사용 시점으로부터 30일간 혜택이 적용됩니다.{nl}[토큰 효과]{nl} - 특성 스킬 2개 동시 수련 가능{nl} - 마켓 판매 수수료율 감소(30%{img white_right_arrow 16 16}10%){nl} - 마켓 판매 등록 아이템 개수 9개{nl} - 캐릭터 이동속도 +3 증가{nl} - 몬스터 처치 시 경험치 +30% 증가{nl}(PC방 혜택, 경험의 서 효과와 중첩 가능){nl} - 프리미엄 제스쳐 사용 가능{nl} - 개인 거래 30회 가능{nl} - 개인 거래 횟수 30회{nl} - 미션,던전 1회 추가입장	
INTL_20170925_000045	Applies Token benefits to all your characters in the server for 30 days. Right-click to use.{nl}[Token Benefits]{nl} - Able to learn attributes instantaneously{nl} - Reduced Market commission fee (30% {img white_right_arrow 16 16} 10%){nl} - Able to list up to 10 items on the Market{nl} - +3 increased character movement{nl} - +30% EXP from hunting monsters{nl} - Able to use Premium Gestures{nl} - Increased maximum buff count{nl} - Able to use Personal Trade up to 30 times{nl} - 1 extra instance entry for missions and dungeons	마우스 우클릭 시 사용되며 서버 내 모든 캐릭터에 사용 시점으로부터 30일간 혜택이 적용됩니다.{nl}[토큰 효과]{nl} - 특성 즉시 수련 가능{nl} - 마켓 판매 수수료율 감소(30%{img white_right_arrow 16 16}10%){nl} - 마켓 판매 등록 아이템 개수 9개{nl} - 캐릭터 이동속도 +3 증가{nl} - 몬스터 처치 시 경험치 +30% 증가{nl}(PC방 혜택, 경험의 서 효과와 중첩 가능){nl} - 프리미엄 제스쳐 사용 가능{nl} - 최대 버프 적용 개수 증가{nl} - 개인 거래 30회 가능{nl} - 미션,던전 1회 추가입장{nl} - 살러스 수녀원 미션 완료 보상 +1	INTL_20160728_000027	Applies Token benefits to all your characters in the server for 30 days. Right-click to use.{nl}[Token Benefits]{nl} - Able to learn attributes instantaneously{nl} - Reduced Market commission fee (30% {img white_right_arrow 16 16} 10%){nl} - Able to list up to 10 items on the Market{nl} - +3 increased character movement{nl} - +30% EXP from hunting monsters{nl} - Able to use Premium Gestures{nl} - Increased maximum buff count{nl} - Able to use Personal Trade up to 30 times{nl} - 1 extra instance entry for missions and dungeons	마우스 우클릭 시 사용되며 서버 내 모든 캐릭터에 사용 시점으로부터 30일간 혜택이 적용됩니다.{nl}[토큰 효과]{nl} - 특성 즉시 수련 가능{nl} - 마켓 판매 수수료율 감소(30%{img white_right_arrow 16 16}10%){nl} - 마켓 판매 등록 아이템 개수 9개{nl} - 캐릭터 이동속도 +3 증가{nl} - 몬스터 처치 시 경험치 +30% 증가{nl}(PC방 혜택, 경험의 서 효과와 중첩 가능){nl} - 프리미엄 제스쳐 사용 가능{nl} - 최대 버프 적용 개수 증가{nl} - 개인 거래 30회 가능{nl} - 미션,던전 1회 추가입장	
INTL_20170925_000046	Grants Token benefits to all your characters in the server for 60 days. Right-click to use.{nl}[Token Benefits]{nl} - Able to learn up to 2 attributes simultaneously{nl} - Reduced Market commission fee (30% {img white_right_arrow 16 16} 10%){nl} - Able to list up to 10 items on the Market{nl} - +3 increased character movement speed{nl} - +30% EXP from hunting monsters{nl}(Stacks with the EXP Tome effect){nl} - Able to use Premium Gestures{nl} - Increased maximum buff count{nl} - Able to use Personal Trade up to 60 times{nl} - 1 extra instance entry for missions and dungeons	마우스 우클릭 시 사용되며 서버 내 모든 캐릭터에 사용 시점으로부터 60일간 혜택이 적용됩니다.{nl}[토큰 효과]{nl} - 특성 스킬 즉시 수련 가능{nl} - 마켓 판매 수수료율 감소(30%{img white_right_arrow 16 16}10%){nl} - 마켓 판매 등록 아이템 개수 9개{nl} - 캐릭터 이동속도 +3 증가{nl} - 몬스터 처치 시 경험치 +30% 증가{nl}(PC방 혜택, 경험의 서 효과와 중첩 가능){nl} - 프리미엄 제스쳐 사용 가능{nl} - 최대 버프 적용 개수 증가{nl} - 개인 거래 60회 가능{nl} - 미션,던전 추가 1회 추가입장{nl} - 살러스 수녀원 미션 완료 보상 +1	INTL_20160426_000021	Grants Token benefits to all your characters in the server for 60 days. Right-click to use.{nl}[Token Benefits]{nl} - Able to learn up to 2 attributes simultaneously{nl} - Reduced Market commission fee (30% {img white_right_arrow 16 16} 10%){nl} - Able to list up to 10 items on the Market{nl} - +3 increased character movement speed{nl} - +30% EXP from hunting monsters{nl}(Stacks with the EXP Tome effect){nl} - Able to use Premium Gestures{nl} - Increased maximum buff count{nl} - Able to use Personal Trade up to 60 times{nl} - 1 extra instance entry for missions and dungeons	마우스 우클릭 시 사용되며 서버 내 모든 캐릭터에 사용 시점으로부터 60일간 혜택이 적용됩니다.{nl}[토큰 효과]{nl} - 특성 스킬 즉시 수련 가능{nl} - 마켓 판매 수수료율 감소(30%{img white_right_arrow 16 16}10%){nl} - 마켓 판매 등록 아이템 개수 9개{nl} - 캐릭터 이동속도 +3 증가{nl} - 몬스터 처치 시 경험치 +30% 증가{nl}(PC방 혜택, 경험의 서 효과와 중첩 가능){nl} - 프리미엄 제스쳐 사용 가능{nl} - 최대 버프 적용 개수 증가{nl} - 개인 거래 60회 가능{nl} - 미션,던전 추가 1회 추가입장	
INTL_20170925_000047	Applies Token benefits to all your characters in the server for 7 days. Right-click to use.{nl}[Token Benefits]{nl} - Able to learn attributes instantaneously{nl} - Reduced Market commission fee (30% {img white_right_arrow 16 16} 10%){nl} - Able to list up to 10 items on the Market{nl} - +3 increased character movement{nl} - +30% EXP from hunting monsters{nl} - Able to use Premium Gestures{nl} - Increased maximum buff count{nl} - 1 extra instance entry for missions and dungeons	마우스 우클릭 시 사용되며 서버 내 모든 캐릭터에 사용 시점으로부터 7일간 혜택이 적용됩니다.{nl}[토큰 효과]{nl} - 특성 즉시 수련 가능{nl} - 마켓 판매 수수료율 감소(30%{img white_right_arrow 16 16}10%){nl} - 마켓 판매 등록 아이템 개수 9개{nl} - 캐릭터 이동속도 +3 증가{nl} - 몬스터 처치 시 경험치 +30% 증가{nl}(PC방 혜택, 경험의 서 효과와 중첩 가능){nl} - 프리미엄 제스쳐 사용 가능{nl} - 최대 버프 적용 개수 증가{nl} - 미션,던전 1회 추가입장{nl} - 살러스 수녀원 미션 완료 보상 +1	INTL_20160728_000028	Applies Token benefits to all your characters in the server for 7 days. Right-click to use.{nl}[Token Benefits]{nl} - Able to learn attributes instantaneously{nl} - Reduced Market commission fee (30% {img white_right_arrow 16 16} 10%){nl} - Able to list up to 10 items on the Market{nl} - +3 increased character movement{nl} - +30% EXP from hunting monsters{nl} - Able to use Premium Gestures{nl} - Increased maximum buff count{nl} - 1 extra instance entry for missions and dungeons	마우스 우클릭 시 사용되며 서버 내 모든 캐릭터에 사용 시점으로부터 7일간 혜택이 적용됩니다.{nl}[토큰 효과]{nl} - 특성 즉시 수련 가능{nl} - 마켓 판매 수수료율 감소(30%{img white_right_arrow 16 16}10%){nl} - 마켓 판매 등록 아이템 개수 9개{nl} - 캐릭터 이동속도 +3 증가{nl} - 몬스터 처치 시 경험치 +30% 증가{nl}(PC방 혜택, 경험의 서 효과와 중첩 가능){nl} - 프리미엄 제스쳐 사용 가능{nl} - 최대 버프 적용 개수 증가{nl} - 미션,던전 1회 추가입장	
INTL_20171013_000048	Special Transformation Scroll	특별한 변신 스크롤				
INTL_20171013_000049	A scroll that lets the user transform.	변신하는 스크롤입니다.				
INTL_20171013_000050	Use to select one level 315 weapon.	315제 무기 장비를 선택할 수 있습니다.				
INTL_20171023_000051	Right-click to obtain the following items.{nl}- Puppy Balloon x1{nl}- Diamond Anvil x1{nl}- Golden Anvil x3{nl}- Silver Anvil x3{nl}- Enhancement Coupon: 100,000 Silver x10{nl}- Attribute Points: 1,000 x1{nl}- Highly Condensed HP Potion x20{nl}- Highly Condensed SP Potion x20{nl}- Lv2 Settlement Support Potion x10{nl}- Goddess Statue x5{nl}- Highly Condensed Movement Speed Potion x5	마우스 우클릭 시 사용되며 구성물을 획득할 수 있습니다.{nl} - 강아지 풍선{nl} - 다이아몬드 모루{nl} - 황금 모루 3개{nl}- 은빛 모루 3개{nl}- 강화 실버 할인 쿠폰 : 10만 실버 10개{nl} - 특성 포인트 1,000{nl} - 고농축 HP포션 20개{nl} - 고농축 SP포션 20개{nl} - 정착 지원 포션 Lv2 10개{nl} - 여신의 조각상 5개{nl} - 고농축 이동속도 증가 포션 5개				
INTL_20171103_000052	Cursed Doll Cube	생존 보상 큐브				
INTL_20171205_000053	- Able to learn attributes instantaneously{nl} - Reduced Market commission fee (30% {img white_right_arrow 16 16} 10%){nl} - Able to list up to 10 items on the Market{nl} - +3 increased character movement{nl} - One additional entry in missions and dungeon	 - 특성 즉시 수련 가능{nl} - 마켓 판매 수수료율 감소(30%{img white_right_arrow 16 16}10%){nl} - 마켓 판매 등록 아이템 개수 10개{nl} - 캐릭터 이동속도 +3{nl} - 미션,던전 1회 추가입장{nl} - 프리미엄 제스쳐 사용 가능{nl}	INTL_20160323_000004	- Able to learn up to 2 attributes simultaneously{nl} - Reduced Market commission fee (30% {img white_right_arrow 16 16} 10%){nl} - Able to list up to 5 items on the Market{nl} - +3 increased character movement speed{nl} - Can only trade up to 30 times{nl	- 특성 스킬 2개 동시 수련 가능{nl} - 마켓 판매 수수료율 감소(30%{img white_right_arrow 16 16}10%){nl} - 마켓 판매 등록 아이템 개수 5개{nl} - 캐릭터 이동속도 +3{nl} - 미션,던전 1회 추가입장{nl} - 최대 버프 적용 개수 증가{nl} - 프리미엄 제스쳐 사용 가능{nl}	
INTL_20171205_000054	Grants Token benefits to all your characters in the server for 30 days. See remaining time under Character Info.{nl}[Token Benefits]{nl} - Able to learn attributes instantaneously{nl} - Reduced Market commission fee (30% {img white_right_arrow 16 16} 10%){nl} - Able to list up to 10 items on the Market{nl} - Able to register items in Market outside min./max. price limits{nl} - Able to retrieve Market silver instantaneously{nl} - +30% EXP from hunting monsters{nl}(Stacks with the EXP Tome effects){nl} - Able to use Premium Gestures{nl} - Additional +1 reward from Saalus Missions{nl} - Able to use Personal Trade up to 30 times{nl} - 2 Stone discount on Raid Dungeon entries	마우스 우클릭 시 사용되며 서버 내 모든 캐릭터에 사용 시점으로부터 30일간 혜택이 적용됩니다. 캐릭터 정보창에서 잔여 시간을 확인하실 수 있습니다.{nl}[토큰 효과]{nl} - 특성 즉시 수련 가능{nl} - 마켓 판매 수수료율 감소(30%{img white_right_arrow 16 16}10%){nl} - 마켓 판매 등록 아이템 개수 10개{nl} - 마켓 상/하한가 관계없이 물품 등록 가능{nl} - 마켓 판매금 즉시 수령{nl} - 캐릭터 이동속도 +3 증가{nl} - 몬스터 처치 시 경험치 +30% 증가{nl}(PC방 혜택, 경험의 서 효과와 중첩 가능){nl} - 팀 창고 이용 가능{nl} - 프리미엄 제스쳐 사용 가능{nl} - 개인 거래 30회 가능{nl} - 살러스 수녀원 미션 완료 보상 +1{nl} - 레이드 던전 입장 아이템 소모 개수 -2	INTL_20170925_000044	Applies Token benefits to all your characters in the server for 30 days. Right-click to use.{nl}[Token Benefits]{nl} - Able to learn attributes instantaneously{nl} - Reduced Market commission fee (30% {img white_right_arrow 16 16} 10%){nl} - Able to list up to 10 items on the Market{nl} - +3 increased character movement{nl} - +30% EXP from hunting monsters{nl} - Able to use Premium Gestures{nl} - Increased maximum buff count{nl} - Able to use Personal Trade up to 30 times{nl} - 1 extra instance entry for missions and dungeons	마우스 우클릭 시 사용되며 서버 내 모든 캐릭터에 사용 시점으로부터 30일간 혜택이 적용됩니다.{nl}[토큰 효과]{nl} - 특성 스킬 2개 동시 수련 가능{nl} - 마켓 판매 수수료율 감소(30%{img white_right_arrow 16 16}10%){nl} - 마켓 판매 등록 아이템 개수 9개{nl} - 캐릭터 이동속도 +3 증가{nl} - 몬스터 처치 시 경험치 +30% 증가{nl}(PC방 혜택, 경험의 서 효과와 중첩 가능){nl} - 프리미엄 제스쳐 사용 가능{nl} - 개인 거래 30회 가능{nl} - 미션,던전 1회 추가입장{nl} - 살러스 수녀원 미션 완료 보상 +1	
INTL_20171222_000055	Monster Card Album Box	몬스터 카드첩 상자				
INTL_20171222_000056	Right-click to obtain the following items:{nl} - Monster Card Album: Red x1{nl} - Monster Card Album: Blue x1{nl} - Monster Card Album: Green x1{nl} - Monster Card Album: Purple x1	마우스 우클릭 시 사용되며 구성물을 획득할 수 있습니다.{nl} - 몬스터 카드첩 : 레드 x1{nl} - 몬스터 카드첩 : 블루 x1{nl} - 몬스터 카드첩 : 그린 x1{nl} - 몬스터 카드첩 : 퍼플 x1				
INTL_20180102_000057	Title - 2018 Happy New Year	칭호 - 2018 Happy New Year				
INTL_20180102_000058	A key given to participants of the 2018 Happy New Year Wishes Greetings event.{nl}It looks like it could open Gold Bars.	2018 Happy New Year Wishes Greetings 수상자에게 지급되는 열쇠입니다.{nl}금괴를 열 수 있을 것 같습니다.				
INTL_20180108_000059	A key given to participants of the 2018 Happy New Year Wishes Greetings event.{nl}It looks like it could open a kind of vault.	2018 Happy New Year Wishes Greetings 수상자에게 지급되는 열쇠입니다.{nl}금고를 열 수 있을 것 같습니다.				
INTL_20180108_000060	Received one Lucky Key from the Facebook event!{nl}(December 28, 2017 to January 9, 2018)	Lucky Key는 Facebook 이벤트에서 지급되었습니다.{nl}(2017년 12월 28일 ~ 2018년 1월 9일)				금괴
INTL_20180108_000061	Vault	금고				
INTL_20180115_000062	Title given to winners of the Rank Update: 4 New Classes Edition! fanart festival.	Rank Update: 4 New Classes Edition! 수상자에게 지급되는 칭호입니다.				
INTL_20180115_000063	Title - New Class Artist	칭호 - New Class Artist				
INTL_20180115_000064	Title given to winners of the Rank Update: 4 New Classes Edition! fanart festival. Right-click to use.	Rank Update: 4 New Classes Edition! 수상자에게 지급되는 칭호입니다. 마우스 오른쪽 클릭으로 사용합니다.				
INTL_20180122_000065	Goro Box	고로 상자				
INTL_20180123_000066	Hunter's Buff - 1	가문의 영광 1단계				
INTL_20180123_000067	+20% EXP from hunting monsters	몬스터 처치 시 획득 경험치 +20%				
INTL_20180123_000068	Hunter's Buff - 2	가문의 영광 2단계				
INTL_20180123_000069	+40% EXP from hunting monsters	몬스터 처치 시 획득 경험치 +40%	SKILL_20161226_007304	+60% EXP from hunting monsters{nl}+2 movement speed	몬스터 처치 시 획득 경험치 +60%{nl}이동 속도 +2	
INTL_20180123_000070	Hunter's Buff - 3	가문의 영광 3단계				
INTL_20180123_000071	+60% EXP from hunting monsters	몬스터 처치 시 획득 경험치 +60%	SKILL_20161226_007306	+90% EXP from hunting monsters{nl}+3 movement speed	몬스터 처치 시 획득 경험치 +90%{nl}이동 속도 +3	
INTL_20180123_000072	Hunter's Buff - 4	가문의 영광 4단계				
INTL_20180123_000073	+80% EXP from hunting monsters	몬스터 처치 시 획득 경험치 +80%	SKILL_20161226_007308	+120% EXP from hunting monsters{nl}+4 movement speed	몬스터 처치 시 획득 경험치 +120%{nl}이동 속도 +4	
INTL_20180123_000074	Hunter's Buff - 5	가문의 영광 5단계				
INTL_20180202_000075	Box of Chocolates	소녀의 마음				
INTL_20180202_000076	A lovely box of handmade chocolates for Valentine's Day. Use to apply +50% EXP gains for 1 hour.	달달한 맛으로, 뇌의 회전을 도와주는 초콜릿입니다. 사용 시, 1시간동안 경험치 획득량 +50% 효과를 얻습니다.				
INTL_20180214_000077	Last Winter Buff	마지막 겨울 버프				
INTL_20180214_000078	+30% EXP from hunting monsters	몬스터 처치 시 획득 경험치 +30%				
INTL_20180214_000079	Winter Key	겨울 열쇠				
INTL_20180214_000080	Use it to open the Vault in Klaipeda.{nl}(Will be deleted at the end of the event.)	마지막 겨울 이벤트에서 사용되는 열쇠입니다.{nl}(이벤트 종료 시 일괄 삭제됩니다.)				
INTL_20180214_000081	Icicle (14 Days)	고드름(14일)				
INTL_20180214_000082	Melt it by the fire and see what's inside!{nl}(Will be deleted at the end of the event.)	고드름을 녹이면 무엇이 들어있을까요?{nl}(고드름은 장작 주위에서만 사용 가능합니다.)				
INTL_20180214_000083	Collect 10 Winter Keys to obtain the new Winter Penguin companion!	Winter Key 10개를 모으시면 "윈터펭" 을 드립니다.{nl}(Winter Key는 2월 20일 이벤트에서 획득할 수 있습니다.)				금고
INTL_20180214_000084	The Last Winter event is now open.{nl}Don't miss out on the new Winter Penguin companion and many more!	마지막 겨울 이벤트가 진행 중입니다.{nl}마지막 겨울 선물과 버프는 물론, 신규 컴패니언 윈터펭도 만나보세요.				이벤트 알림판
INTL_20180214_000085	Collect 10 Winter Keys to obtain the Winter Penguin companion.{nl}(Receive the Keys from the Event Notice Board every day.)	Winter Key 10개를 모으시면 "윈터펭" 을 드립니다.{nl}(이벤트 알림판에서 마지막 겨울 선물을 받으세요.)				금고
INTL_20180214_000086	You can keep receiving more rewards every day using the Winter Keys!{nl}Every Key you use to open the Vault gives you a new reward.	Winter Key로 추가 보상을 받을 수 있습니다.{nl}(Winter Key 1개당 1회의 추가 보상이 주어집니다.)				금고
INTL_20180214_000087	You are already using this buff.	이미 버프가 존재합니다.				이벤트 알림판
INTL_20180214_000088	It's too soon, come back later.	너무 이릅니다.				이벤트 알림판
INTL_20180214_000089	Last Winter	마지막 겨울 이벤트				
INTL_20180214_000090	Receive Last Winter Buff	마지막 겨울 버프 받기				
INTL_20180214_000091	Receive Last Winter Gift	마지막 겨울 선물 받기				
INTL_20180214_000092	Weekend EXP Helper	주말 경험치 지원				
INTL_20180219_000093	Demon Prison Guild (Recommended Lv : 115){nl}Only you and your party members can enter together.{nl}Are you sure you want to enter?	염원의 비석로 (권장 레벨:180)에 입장하시겠습니까?{nl}당신과 파티를 맺은 플레이어만이 함께 입장할 수 있습니다.				
INTL_20180219_000094	Fallen Legwyn Family (Recommended Lv : 230){nl}Only you and your party members can enter together.{nl}Are you sure you want to enter?	쇠락한 르귄가문의 저택 (권장 레벨:230)에 입장하시겠습니까?{nl}당신과 파티를 맺은 플레이어만이 함께 입장할 수 있습니다.				
INTL_20180219_000095	Castle Underground (Recommended Lv : 300){nl}Only you and your party members can enter together.{nl}Are you sure you want to enter?	캐슬 지하 (권장 레벨:300)에 입장하시겠습니까?{nl}당신과 파티를 맺은 플레이어만이 함께 입장할 수 있습니다.				
INTL_20180219_000096	EXP Helper	성장 지원 도우미				
INTL_20180305_000097	 {nl}{CUBE}s opened: {@st66d_y}{s18}{SUM}{/}{/}{nl}Open {@st66d_y}{s18}{COUNT}{/}{/} more Cubes to receive the reward for {@st66d_y}{s18}{BOUNS}{/}{/} Cubes.{nl}You can receive the reward(s) for {@st66d_y}{s18}{REWARD}{/}{/} Cubes opened.{nl}Would you like to receive the reward(s) now?	 {nl}{CUBE} 사용 횟수 : {@st66d_y}{s18}{SUM}{/}{/}{nl}앞으로 {@st66d_y}{s18}{COUNT}{/}{/}회 사용시 {@st66d_y}{s18}{BOUNS}{/}{/}회 보상을 받을 수 있습니다.{nl}{@st66d_y}{s18}{REWARD}{/}{/} 회 보상을 받을 수 있습니다.{nl}수령하시겠습니까?				
INTL_20180305_000098	 {nl}{CUBE}s opened: {@st66d_y}{s18}{SUM}{/}{/}{nl}Open {@st66d_y}{s18}{COUNT}{/}{/} more Cubes to receive the reward for {@st66d_y}{s18}{BOUNS}{/}{/} Cubes.	 {nl}{CUBE}  사용 횟수 : {@st66d_y}{s18}{SUM}{/}{/}{nl}앞으로 {@st66d_y}{s18}{COUNT}{/}{/}회 사용시 {@st66d_y}{s18}{BOUNS}{/}{/}회 보상을 받을 수 있습니다.				
INTL_20180305_000099	Bonus Cube	보너스 큐브				
INTL_20180312_000100	Title given to winners of the 2nd Anniversary fanart event.	스팀 2주년 팬아트 수상자에게 주어지는 칭호 입니다.				
INTL_20180312_000101	Title - Happy 2nd Anniversary!	칭호 - Happy 2nd Anniversary!				
INTL_20180312_000102	Ttitle given to winners of the 2nd Anniversary fanart event. Right-click to use.	스팀 팬아트 수상자에게 지급되는 칭호입니다. 마우스 오른쪽 클릭으로 사용합니다.				
INTL_20180312_000103	 {nl}You've been assigned to team {@st66d_y}{s18}{TEAM}{/}{/}.{nl}Defeat monsters to collect {@st66d_y}{s18}{ITEM}s{/}{/}.	 {nl}{@st66d_y}{s18}{TEAM}{/}{/} 에 배정되었습니다.{nl}몬스터 처치시 {@st66d_y}{s18}{ITEM}{/}{/}을 획득할 수 있습니다.				
INTL_20180312_000104	Item Exchange	아이템 교환				
INTL_20180312_000105	Vaivora's Team Challenge	마을 축제				
INTL_20180312_000106	Event Buff	이벤트 버프				
INTL_20180316_000107	The power of the firecracker has spread to all party members.	기념을 축하하는 폭죽의 힘이 공유되고 있습니다.				
INTL_20180316_000108	Shining Battlebird Egg	빛나는 전투 뱁새 알				
INTL_20180316_000109	2nd Anniversary Firecracker	2주년 폭죽				
INTL_20180316_000110	2nd Anniversary Event item.{nl}Increases movement speed +4, AoE attack ratio +1 and EXP gains +25% of all party members for 30 minutes.	2주년 이벤트 아이템입니다.{nl} 30분간 파티원 전체의 이동속도 +4, 광역 공격 비율 +1 경험치 25% 증가의 효과를 줍니다.				
INTL_20180316_000111	Start 2nd Anniversary Event	이벤트 워프 주문서 - 2주년 이벤트 시작				
INTL_20180316_000112	An event Warp Scroll.{nl}Use it to move to the 2nd Anniversary Event NPC.	이벤트용 워프 주문서입니다.{nl}사용 시 2주년 이벤트 시작 npc 앞으로 이동합니다.				
INTL_20180316_000113	Steam 2nd Anniversary Arm Band	스팀 2주년 암밴드				
INTL_20180316_000114	An arm band accessory celebrating 2 years of TOS on Steam.	스팀 2주년을 기념하여 제작된 암밴드 입니다.				
INTL_20180316_000115	Smiley Orange	스마일 오렌지				
INTL_20180316_000116	GM Orange's little orange friend. This peculiar orange is known for its many expressions, which makes some people think it was affected by Medzio Diena.	GM 오렌지의 머리 위에있는 오렌지. 다양한 표정을 지을 수 있는 것으로 보아 Medzio Diena의 영향을 받았다고 의심된다.				
INTL_20180316_000117	Sardine Coffee	정어리 커피				
INTL_20180316_000118	GM Papaya's coffee cup. Although it contains coffee (and a sardine), the cup's contents never spill, much to the amusement of onlookers.	GM 파파야의 커피. 살아있는 정어리가 들어있다. 마법적인 힘으로 인해 어떤 각도에서든 머리에서 떨어지지 않는다.				
INTL_20180316_000119	Spiral Glasses	뱅글 안경				
INTL_20180316_000120	Dr. No's famous spiral glasses. Wear them with a can of Red Ox in your hand for the best results. Side effects: May cause dizziness.	Dr. No의 안경. 일을 할 때 Red Ox과 같이 사용하면 효율이 높아진다고 한다. 주의: 같이있을 경우 어지러울 수 있다.				
INTL_20180316_000121	Shining Battlebird Egg Package	빛나는 전투 뱁새 패키지				
INTL_20180316_000122	Right-click to use and obtain the items.{nl} - Shining Battlebird Egg x1{nl} - Battlebird Feed x50	마우스 우클릭 시 사용되며 구성물을 획득할 수 있습니다.{nl} - 빛나는 전투 뱁새 알{nl} - 뱁새용 모이 50개				
INTL_20180316_000123	Shining Penguin Egg Package	빛나는 펭귄 패키지				
INTL_20180316_000124	Right-click to use and obtain the items.{nl} - Shining Penguin Egg x1{nl} - Sardine x50	마우스 우클릭 시 사용되며 구성물을 획득할 수 있습니다.{nl} - 빛나는 펭귄 알{nl} - 정어리 50개				
INTL_20180316_000125	Right-click to use and obtain the items.{nl} - Steam 2nd Anniversary Arm Ban x1d{nl} - Leaf Penguin Egg x1{nl} - Enhancement Coupon: 100,000 Silver x10{nl}- Attribute Points: 1,000 x1{nl}- Event Warp Scroll - Start 2nd Anniversary Event x1{nl}- Highly Condensed HP Potion x20{nl}- Highly Condensed SP Potion x20{nl}- Lv2 Settlement Support Potion x10{nl}- 2nd Anniversary Firecracker x5{nl}- Goddess Statue x5{nl}- Highly Condensed Movement Speed Potion x5{nl}- Token: 15 Days [Event]	마우스 우클릭 시 사용되며 구성물을 획득할 수 있습니다.{nl} - 스팀 2주년 암밴드{nl} - 펭그린 알{nl} - 강화 실버 할인 쿠폰 : 10만 실버 10개{nl}- 특성 포인트 1,000{nl}- 이벤트 워프 주문서 - 2주년 이벤트 시작{nl}- 고농축 HP포션 20개{nl}- 고농축 SP포션 20개{nl}- 정착 지원 포션 Lv2 10개{nl}- 2주년 폭죽 5개{nl}- 여신의 조각상 5개{nl}- 고농축 이동속도 증가 포션 5개{nl}- 토큰:15일[증정용]				
INTL_20180326_000126	List of Invited Masters	마스터 명단 리스트				
INTL_20180326_000127	This document lists all the Class Masters invited to TOS' 2nd anniversary celebrations.{nl}(Will be deleted at the end of the event.)	초대장을 가진 마스터들의 명단을 기록하고 있습니다.{nl}(사용 시 이벤트 진행 상황을 확인할 수 있습니다.)				
INTL_20180326_000128	An event Warp Scroll.{nl}Use it to move to the 2nd Anniversary Event NPC.	이벤트용 워프 주문서입니다.{nl}사용 시 2주년 이벤트 도우미 npc 앞으로 이동합니다.	INTL_20180316_000112	An event Warp Scroll.{nl}Use it to move to the 2nd Anniversary Event NPC.	이벤트용 워프 주문서입니다.{nl}사용 시 2주년 이벤트 시작 npc 앞으로 이동합니다.	
INTL_20180326_000129	Title - Honorary TPP Reporter	칭호 - Honorary TPP Reporter				
INTL_20180326_000130	A title given to honorary reporters of The Popolion Post. Right-click to use.	The Popolion Post 잡지의 명예 기자에게 지급되는 칭호입니다. 마우스 오른쪽 클릭으로 사용합니다.				
INTL_20180402_000131	A cute balloon puppy. Be careful around spiky things with it.	강아지 모양에 풍선 인형입니다. 찌르면 터질지도 모릅니다.				
INTL_20180402_000132	Daemon State Record Y/N [True:1, False:0]	Daemon State 기록 여부[True:1, False:0]				
INTL_20180406_000133	Title given to players who have collected the [Event] Revelations. Right-click to use.	[이벤트] 계시를 찾은 구원자에게 지급되는 칭호입니다. 마우스 오른쪽 클릭으로 사용합니다.				
INTL_20180406_000134	[Event] Crystal Mine Revelation	[이벤트]첫번째 계시				
INTL_20180406_000135	An event Revelation.{nl}Can be exchanged for a title at the Event Notice Board.	계시 이벤트 아이템입니다.{nl}이벤트 알림판에서 칭호로 교환할 수 있습니다.				
INTL_20180406_000136	Title - Crystal Mine Revelator	칭호 - [EVENT]Crystal Mine Revelation				
INTL_20180406_000137	Please retrieve the "Crystal Mine Revelator" title first.	칭호 - [이벤트]첫 번째 계시 획득자를 먼저 획득해 주세요.				이벤트 알림판
INTL_20180406_000138	Receive Title	칭호 받기				
INTL_20180406_000139	Receive Buff	버프 받기				
INTL_20180406_000140	The First Revelation: Crystal Mine	첫 번째 세계관 이벤트 : 수정광산				
INTL_20180418_000141	Restores 30 Stamina.{nl}Good for:{nl} - Velheider{nl} - Hoglan{nl} - Leaf Penguin{nl} - Baby Pig{nl} - Rocksodon{nl} - Armadillo{nl} - Golden Pup{nl} - Goro	스태미나를 30 회복 시켜줍니다.{nl}사용가능 목록{nl} - 벨하이더 {nl} - 호글란 {nl} - 펭그린 {nl} - 아기돼지 {nl} - 락스돈 {nl} - 아르마딜로 {nl} - 금강불개 {nl} - 고로				
INTL_20180420_000142	Fedimian's Hero Cube	페디미안 수호 큐브				
INTL_20180420_000143	A cube awarded to the brave heroes who saved Fedimian from the monsters.	페디미안을 수호한 구원자에게 주어지는 보상입니다.				
INTL_20180503_000144	[Survey Event]{nl}   Prize Manager	[설문 이벤트]{nl}   상품 교환원				
INTL_20180514_000145	Rainbow Trek	비비드 시티 참여 중				
INTL_20180514_000146	Unable to use skills.{nl}Returning to the city map in 60 minutes.	스킬을 사용할 수 없습니다.{nl}60분 뒤 마을로 이동합니다.				
INTL_20180514_000147	Attribute Points Box Rank S (x3)	특성 포인트 상자 S급 (3개)				
INTL_20180514_000148	A box that contains 3 Rank S Attribute Points Boxes. Right-click to obtain. 	특성 포인트 상자 S급 3개가 들어있는 상자입니다. 마우스 오른쪽 버튼 클릭으로 사용하면 아이템이 지급됩니다.				
INTL_20180514_000149	Artisan Diamond Anvil Box	장인의 다이아몬드 모루 상자				
INTL_20180514_000150	A box containing 5 Diamond Anvils. Right-click to use and obtain the items.	다이아몬드 모루 5개가 들어있는 상자입니다. 마우스 오른쪽 버튼 클릭으로 사용하면 아이템이 지급됩니다.				
INTL_20180514_000151	Artisan Weapon Secret Recipe Box (Lv. 315)	장인의 무기 비밀 레시피 상자 (Lv. 315)				
INTL_20180514_000152	Select a Lv 315 recipe that can be crafted with fewer materials. Right-click to use.	적은 재료로 315제 장비를 제작 가능한 비밀 레시피를 선택할 수 있습니다. 마우스 오른쪽 버튼 클릭으로 사용합니다.				
INTL_20180514_000153	Artisan Secret Recipe - Abdochar	장인의 비밀 제작서-아브도챠				
INTL_20180514_000154	Artisan Secret Recipe - Sarkmis	장인의 비밀 제작서-사크미스				
INTL_20180514_000155	Artisan Secret Recipe - Skull Smasher	장인의 비밀 제작서-스컬 스매셔				
INTL_20180514_000156	Artisan Secret Recipe - Regard Horn Staff	장인의 비밀 제작서-리가드 혼 스태프				
INTL_20180514_000157	Artisan Secret Recipe - Heart of Glory	장인의 비밀 제작서-하트 오브 글로리				
INTL_20180514_000158	Artisan Secret Recipe - Skull Breaker	장인의 비밀 제작서-스컬 브레이커				
INTL_20180514_000159	Artisan Secret Recipe - Emengard Dagger	장인의 비밀 제작서-에멘가드 대거				
INTL_20180514_000160	Artisan Secret Recipe - Wingshard Spear	장인의 비밀 제작서-윙샤드 스피어				
INTL_20180514_000161	Artisan Secret Recipe - Regard Horn Pike	장인의 비밀 제작서-리가드 혼 파이크				
INTL_20180514_000162	Artisan Secret Recipe - Black Horn	장인의 비밀 제작서-블랙 혼				
INTL_20180514_000163	Artisan Secret Recipe - Regard Horn Crossbow	장인의 비밀 제작서-리가드 혼 크로스보우				
INTL_20180514_000164	Artisan Secret Recipe - Astra Bow	장인의 비밀 제작서-아스트라 보우				
INTL_20180514_000165	Artisan Secret Recipe - Aspana Revolver 	장인의 비밀 제작서-아스파나 리볼버				
INTL_20180514_000166	Artisan Secret Recipe - Emengard Musket	장인의 비밀 제작서-에멘가드 머스킷				
INTL_20180514_000167	Artisan Secret Recipe - Emengard Cannon	장인의 비밀 제작서-에멘가드 캐논				
INTL_20180514_000168	Artisan Secret Recipe - Emengard Shield	장인의 비밀 제작서-에멘가드 실드				
INTL_20180523_000169	Grants Token benefits to all your characters in the server for 60 days. See remaining time under Character Info.{nl}[Token Benefits]{nl} - Able to learn attributes instantaneously{nl} - Reduced Market commission fee (30% {img white_right_arrow 16 16} 10%){nl} - Able to list up to 10 items on the Market{nl} - Able to register items in Market outside min./max. price limits{nl} - Able to retrieve Market silver instantaneously{nl}- Movement speed +3{nl} - +50% EXP from hunting monsters{nl}(Stacks with EXP Tome effects){nl}- Team Storage slots +30{nl} - Able to use Premium Gestures{nl} - Able to use Personal Trade up to 60 times	마우스 우클릭 시 사용되며 서버 내 모든 캐릭터에 사용 시점으로부터 60일간 혜택이 적용됩니다. 캐릭터 정보창에서 잔여 시간을 확인하실 수 있습니다.{nl}[토큰 효과]{nl} - 특성 즉시 수련 가능{nl} - 마켓 판매 수수료율 감소(30%{img white_right_arrow 16 16}10%){nl} - 마켓 판매 등록 아이템 개수 10개{nl} - 마켓 상/하한가 관계없이 물품 등록 가능{nl} - 마켓 판매금 즉시 수령{nl} - 캐릭터 이동속도 +3 증가{nl} - 몬스터 처치 시 경험치 +50% 증가{nl}(PC방 혜택, 경험의 서 효과와 중첩 가능){nl} - 팀 창고 +30칸 증가{nl} - 프리미엄 제스쳐 사용 가능{nl} - 개인 거래 60회 가능				
INTL_20180523_000170	Grants Token benefits to all your characters in the server for 7 days. See remaining time under Character Info.{nl}[Token Benefits]{nl} - Able to learn attributes instantaneously{nl} - Reduced Market commission fee (30% {img white_right_arrow 16 16} 10%){nl} - Able to list up to 10 items on the Market{nl} - Able to register items in Market outside min./max. price limits{nl} - Able to retrieve Market silver instantaneously{nl}- Movement speed +3{nl} - +50% EXP from hunting monsters{nl}(Stacks with EXP Tome effects){nl}- Team Storage slots +30{nl} - Able to use Premium Gestures	마우스 우클릭 시 사용되며 서버 내 모든 캐릭터에 사용 시점으로부터 7일간 혜택이 적용됩니다. 캐릭터 정보창에서 잔여 시간을 확인하실 수 있습니다.{nl}[토큰 효과]{nl} - 특성 즉시 수련 가능{nl} - 마켓 판매 수수료율 감소(30%{img white_right_arrow 16 16}10%){nl} - 마켓 판매 등록 아이템 개수 10개{nl} - 마켓 상/하한가 관계없이 물품 등록 가능{nl} - 마켓 판매금 즉시 수령{nl} - 캐릭터 이동속도 +3 증가{nl} - 몬스터 처치 시 경험치 +50% 증가{nl}(PC방 혜택, 경험의 서 효과와 중첩 가능){nl} - 팀 창고 +30칸 증가{nl} - 프리미엄 제스쳐 사용 가능	INTL_20170925_000047	Applies Token benefits to all your characters in the server for 7 days. Right-click to use.{nl}[Token Benefits]{nl} - Able to learn attributes instantaneously{nl} - Reduced Market commission fee (30% {img white_right_arrow 16 16} 10%){nl} - Able to list up to 10 items on the Market{nl} - +3 increased character movement{nl} - +30% EXP from hunting monsters{nl} - Able to use Premium Gestures{nl} - Increased maximum buff count{nl} - 1 extra instance entry for missions and dungeons	마우스 우클릭 시 사용되며 서버 내 모든 캐릭터에 사용 시점으로부터 7일간 혜택이 적용됩니다.{nl}[토큰 효과]{nl} - 특성 즉시 수련 가능{nl} - 마켓 판매 수수료율 감소(30%{img white_right_arrow 16 16}10%){nl} - 마켓 판매 등록 아이템 개수 9개{nl} - 캐릭터 이동속도 +3 증가{nl} - 몬스터 처치 시 경험치 +30% 증가{nl}(PC방 혜택, 경험의 서 효과와 중첩 가능){nl} - 프리미엄 제스쳐 사용 가능{nl} - 최대 버프 적용 개수 증가{nl} - 미션,던전 1회 추가입장{nl} - 살러스 수녀원 미션 완료 보상 +1	
INTL_20180525_000171	Use to obtain the following costumes.{nl} - The Invited One Costume (Male){nl} - The Invited One Costume (Female)	사용 시 코스튬을 획득할 수 있습니다.{nl} - 초대에 응한 자 코스튬(남){nl} - 초대에 응한 코스튬(여)	INTL_20180326_000128	An event Warp Scroll.{nl}Use it to move to the 2nd Anniversary Event NPC.	이벤트용 워프 주문서입니다.{nl}사용 시 2주년 이벤트 도우미 npc 앞으로 이동합니다.	
INTL_20180615_000172	A title given to the most creative TPP players. Right-click to use.	Creative TPP Player에게 지급되는 칭호입니다. 마우스 오른쪽 클릭으로 사용합니다.				
INTL_20180615_000173	Cursed Spirit Owner	저주받은 혼 사용자				
INTL_20180615_000174	Cursed Spirit	저주받은 혼				
INTL_20180615_000175	Show it to the Dispatched Soldier to enter the area of the Cursed Altar.{nl}Alternatively, use to increase movement speed +2, physical attack +50 and magic attack +50 for 10 mins.	저주받은 병사에게 보여주면 저주받은 지역으로 갈 수 있습니다.{nl}사용 시 10분 동안 이동속도 +2, 물리 공격력 +50, 마법 공격력 +50 증가합니다.				
INTL_20180615_000176	You can't go past this point without a Cursed Spirit.	저주받은 혼이 없는 자는 이 앞을 지나갈 수 없다.				저주받은 병사
INTL_20180615_000177	Cursed Spirits come from the monsters that roam around this place. Good luck getting one.	저주받은 해안의 몬스터를 처치해야만 저주받은 혼을 구할 수 있는 것도 모르는 애송이로군.				저주받은 병사
INTL_20180615_000178	Voice in the Distance	어디선가 들려오는 목소리				
INTL_20180615_000179	The Stone Whale can only be awakened through a Cursed Spirit...	오직 저주받은 혼으로만 저주받은 석화 고래를 깨울 수 있지..				어디선가 들려오는 목소리
INTL_20180615_000180	I have a Cursed Spirit.	저주받은 혼을 보여준다.				
INTL_20180615_000181	{Name} has awakened the Cursed Stone Whale.	{Name}님이 저주받은 석화 고래를 깨웠습니다.				
INTL_20180723_000182	Title given to awarded contestants of the 2018 Summer fanart festival. Right-click to use.	Loving Summer 팬아트 수상자에게 지급되는 칭호입니다. 마우스 오른쪽 클릭으로 사용합니다.				
INTL_20180809_000183	A title given to event participants. Right-click to use.	이벤트 참여자에게 지급되는 칭호입니다. 마우스 오른쪽 클릭으로 사용합니다.				
INTL_20180809_000184	EXP +100%, movement speed +3, max. HP increase{nl}HP, SP and Stamina recovery, AoE attack ratio +2	경험치 100% 증가, 이동속도 +3, 최대체력 증가{nl}HP, SP, 스태미너 회복, 광역 공격 비율 +2				
INTL_20180809_000185	EXP +100%, movement speed +3, Looting Chance +100{nl}HP, SP and Stamina recovery	경험치 100% 증가, 이동속도 +3, 루팅찬스 +100{nl}HP, SP, 스태미너 회복				
INTL_20180809_000186	[Event] Unlock Voucher Selection Box	[이벤트] 해금권 선택 상자				
INTL_20180809_000187	Hidden Class Unlock Voucher Box {nl} List of Unlockable Classes {nl} - Shinobi Unlock Voucher {nl} - Miko Unlock Voucher {nl} - Rune Caster Unlock Voucher {nl} - Appraiser Unlock Voucher {nl} - Nak Muay Unlock Voucher{nl}Will be automatically deleted at the end of the event period.	히든 직업 해금권 선택 상자 {nl} 선택 가능 목록 {nl} - 시노비 해금권 {nl} - 무녀 해금권 {nl} - 룬 캐스터 해금권 {nl} - 감정사 해금권 {nl} - 낙무아이 해금권{nl}(이벤트 종료 시 일괄 삭제됩니다.)				
INTL_20180809_000188	[Event] Lv 350 Enhanced/Transcended Weapon Selection Box	[이벤트] 350레벨 강화 및 초월 무기 선택 상자				
INTL_20180809_000189	Use to select a Rare Lv 350 weapon enhanced to +11 and transcended to Stage 5.{nl}Enhancement and transcendence apply after the weapon is selected.{nl}The box will be automatically deleted at the end of the event period.	350레벨 레어 11강 5초월 무기를 지급 받을 수 있습니다.{nl}(강화 및 초월은 아이템 선택 시 적용됩니다.){nl}(이벤트 종료 시 일괄 삭제됩니다.)				
INTL_20180809_000190	A title given to event participants. Right-click to use.	이벤트에 참여자에게 지급되는 칭호입니다. 마우스 오른쪽 클릭으로 사용합니다.				
INTL_20180809_000191	[Friend] Berthas Raffye Sword 	[우정] 베르타스 라파이 소드				
INTL_20180809_000192	[Friend] Berthas Raffye Two-handed Sword	[우정] 베르타스 라파이 투 핸드 소드				
INTL_20180809_000193	[Friend] Berthas Raffye Rod	[우정] 베르타스 라파이 로드				
INTL_20180809_000194	[Friend] Berthas Raffye Bow	[우정] 베르타스 라파이 보우				
INTL_20180809_000195	[Friend] Berthas Raffye Crossbow	[우정] 베르타스 라파이 크로스보우				
INTL_20180809_000196	[Friend] Berthas Raffye Mace	[우정] 베르타스 라파이 메이스				
INTL_20180809_000197	[Friend] Berthas Raffye Two-handed Mace	[우정] 베르타스 라파이 투 핸드 메이스				
INTL_20180809_000198	[Friend] Berthas Raffye Shield 	[우정] 베르타스 라파이 실드				
INTL_20180809_000199	[Friend] Berthas Raffye Spear 	[우정] 베르타스 라파이 스피어				
INTL_20180809_000200	[Friend] Berthas Raffye Pike 	[우정] 베르타스 라파이 파이크				
INTL_20180809_000201	[Friend] Berthas Raffye Dagger	[우정] 베르타스 라파이 대거				
INTL_20180809_000202	[Friend] Berthas Raffye Staff	[우정] 베르타스 라파이 스태프				
INTL_20180809_000203	[Friend] Berthas Raffye Pistol	[우정] 베르타스 라파이 피스톨				
INTL_20180809_000204	[Friend] Berthas Raffye Rapier	[우정] 베르타스 라파이 레이피어				
INTL_20180809_000205	[Friend] Berthas Raffye Cannon	[우정] 베르타스 라파이 캐논				
INTL_20180809_000206	[Friend] Berthas Raffye Musket 	[우정] 베르타스 라파이 머스킷				
INTL_20180809_000207	[Event] Miko Unlock Voucher	[이벤트] 무녀 클래스 해금권				
INTL_20180809_000208	Use to unlock the Miko class after reaching Rank 6. Right-click to use.{nl}Will be automatically deleted at the end of the event period.	사용 시 6랭크 달성 후 무녀 클래스를 선택할 수 있습니다. 마우스 오른쪽 클릭으로 사용합니다.{nl}(이벤트 종료 시 일괄 삭제됩니다.)				
INTL_20180809_000209	[Event] Appraiser Unlock Voucher	[이벤트] 감정사 클래스 해금권				
INTL_20180809_000210	Use to unlock the Appraiser class after reaching Rank 5. Right-click to use.{nl}Will be automatically deleted at the end of the event period.	사용 시 5랭크 달성 후 감정사 클래스를 선택할 수 있습니다. 마우스 오른쪽 클릭으로 사용합니다.{nl}(이벤트 종료 시 일괄 삭제됩니다.)				
INTL_20180809_000211	[Event] Rune Caster Unlock Voucher	[이벤트] 룬캐스터 클래스 해금권				
INTL_20180809_000212	Use to unlock the Rune Caster class after reaching Rank 6. Right-click to use.{nl}Will be automatically deleted at the end of the event period.	사용 시 6랭크 달성 후 룬캐스터 클래스를 선택할 수 있습니다. 마우스 오른쪽 클릭으로 사용합니다.{nl}(이벤트 종료 시 일괄 삭제됩니다.)				
INTL_20180809_000213	[Event] Shinobi Unlock Voucher	[이벤트] 시노비 클래스 해금권				
INTL_20180809_000214	Use to unlock the Shinobi class after reaching Rank 7. Right-click to use.{nl}Will be automatically deleted at the end of the event period.	사용 시 7랭크 달성 후 시노비 클래스를 선택할 수 있습니다. 마우스 오른쪽 클릭으로 사용합니다.{nl}(이벤트 종료 시 일괄 삭제됩니다.)				
INTL_20180809_000215	[Event] Nak Muay Unlock Voucher	[이벤트] 낙무아이 클래스 해금권				
INTL_20180809_000216	Use to unlock the Nak Muay class after reaching Rank 7. Right-click to use.{nl}Will be automatically deleted at the end of the event period.	사용 시 7랭크 달성 후 낙무아이 클래스를 선택할 수 있습니다. 마우스 오른쪽 클릭으로 사용합니다.{nl}(이벤트 종료 시 일괄 삭제됩니다.)				
INTL_20180809_000217	2018 Leticia's Treasure Chest (Season 1)	2018 레티샤의 보물 상자(시즌1)				
INTL_20180809_000218	Invite a Friend Event Helper	친구 추천 이벤트 도우미				
INTL_20180809_000219	The Invite a Friend event is now open!{nl}Login with your friend to receive buffs and rewards!	친구 추천 이벤트가 진행 중입니다.{nl}친구와 함께 접속 시 다양한 보상과 버프를 획득할 수 있습니다.				친구 추천 이벤트 도우미
INTL_20180809_000220	You are not eligible for the event.	이벤트 참여 대상이 아닙니다.				
INTL_20180809_000221	Team {#003399}{team}{/} contains no characters of level 50 or above.	{#003399}{team}{/}팀 내에 50레벨 이상인 캐릭터가 없습니다.				
INTL_20180809_000222	Receive {#003399}{team}{/}'s Support	{#003399}{team}{/}의 성장 지원 받기				
INTL_20180809_000223	{#003399}{team}{/} is now online.{nl}Buff applied.	{#003399}{team}{/}님이 접속 중입니다.{nl}버프가 부여됩니다.				
INTL_20180809_000224	Invite a Friend' Helper	친구 추천 도우미				
INTL_20180817_000225	[Event] Enhanced/Transcended Weapon Selection Box (14 Days)	[이벤트] 강화 및 초월 무기 선택 상자 (14일)				
INTL_20180817_000226	Use at level 230 and above to select a Lv 315 Rare weapon (30 Days) enhanced to +10 and transcended to Stage 3.{nl}(Enhancement and transcendence are applied after the item is selected.)	230레벨에 사용할 수 있는 315레벨 레어 10강 3초월 무기(30일)을 지급 받을 수 있습니다.{nl}(강화 및 초월은 아이템 선택 시 적용됩니다.)				
INTL_20180817_000227	[Return] Abdochar (30 Days)	[복귀] 아브도챠 (30일)				
INTL_20180817_000228	[Return] Sarkmis (30 Days)	[복귀] 사크미스 (30일)				
INTL_20180817_000229	[Return] Skull Smasher (30 Days)	[복귀] 스컬 스매셔 (30일)				
INTL_20180817_000230	[Return] Regard Horn Staff (30 Days)	[복귀] 리가드 혼 스태프 (30일)				
INTL_20180817_000231	[Return] Heart of Glory (30 Days)	[복귀] 하트 오브 글로리 (30일)				
INTL_20180817_000232	[Return] Skull Breaker (30 Days)	[복귀] 스컬 브레이커 (30일)				
INTL_20180817_000233	[Return] Emengard Dagger (30 Days)	[복귀] 에멘가드 대거 (30일)				
INTL_20180817_000234	[Return] Wingshard Spear (30 Days)	[복귀] 윙샤드 스피어 (30일)				
INTL_20180817_000235	[Return] Regard Horn Pike (30 Days)	[복귀] 리가드 혼 파이크 (30일)				
INTL_20180817_000236	[Return] Black Horn (30 Days)	[복귀] 블랙 혼 (30일)				
INTL_20180817_000237	[Return] Regard Horn Crossbow (30 Days)	[복귀] 리가드 혼 크로스보우 (30일)				
INTL_20180817_000238	[Return] Astra Bow (30 Days)	[복귀] 아스트라 보우 (30일)				
INTL_20180817_000239	[Return] Aspana Revolver (30 Days)	[복귀] 아스파나 리볼버 (30일)				
INTL_20180817_000240	[Return] Emengard Cannon (30 Days)	[복귀] 에멘가드 캐논 (30일)				
INTL_20180817_000241	[Return] Emengard Musket (30 Days)	[복귀] 에멘가드 머스킷 (30일)				
INTL_20180817_000242	[Return] Emengard Shield (30 Days)	[복귀] 에멘가드 실드 (30일)				
INTL_20180827_000243	A title given to Game Guide Creators. Right-click to use.	Game Guide Creator에게 지급되는 칭호입니다. 마우스 오른쪽 클릭으로 사용합니다.				
INTL_20180903_000244	{ds}{b}{#ffefd6}30 min: {#fe7e00}10 POINTS	{ds}{b}{#ffefd6}30분:{#fe7e00}10 POINT				
INTL_20180903_000245	Please try again.	Popo Shop의 재시도 버튼을 클릭해주세요				
INTL_20180903_000246	Failed to purchase item. Please try again.	Popo Shop 아이템 구매에 실패했습니다. 다시 시도해 주세요.				
INTL_20180903_000247	Not enough Popo Points.	Popo Shop 포인트가 부족합니다.				
INTL_20180907_000248	Use Mongo DB system message save/load function Y/N	몽고 db에 특정 시스템 메시지 저장/로드 기능 사용할 것인지				
INTL_20180914_000249	Combat Support Shop Voucher (14 Days)	전투 지원 상점 이용권(14일)				
INTL_20180914_000250	Opens a shop where you can purchase potions, skill consumables and other useful items.	사용 시 전투에 필요한 물건을 구매할 수 있는 상점을 이용할 수 있습니다.				
INTL_20180914_000251	Combat Support Shop Voucher	전투 지원 상점 이용권				
INTL_20180914_000252	2018 Leticia's Treasure Chest (Season 2)	2018 레티샤의 보물 상자(시즌2)				
INTL_20180928_000253	A title given to winners of the 2018 Halloween fan art contest. Right-click to use.	Horror Night 팬아트 수상자에게 지급되는 칭호입니다. 마우스 오른쪽 클릭으로 사용합니다.				
INTL_20181026_000254	Would you select a 10-time participation reward?	받으실 10회 참여 횟수 보상을 선택해 주시겠어요?				큐폴 다이나
INTL_20181026_000255	Skill Reset Potion (14 Days) and Latte Art: Bunny	스킬 초기화 포션 (14일), 거품 토끼				
INTL_20181026_000256	Skill Reset Potion (14 Days) and Latte Art: Kitty	스킬 초기화 포션 (14일), 거품 고양이				
INTL_20181104_000257	2018 Leticia's Treasure Chest (Season 3)	2018 레티샤의 보물 상자(시즌3)				
INTL_20181111_000258	Unique Talt	유니크 탈트				
INTL_20181111_000259	Can be exchanged for an equipment item at the Talt Processing Device.	탈트 가공 장치에서 장비 아이템으로 교환할 수 있습니다.				
INTL_20181111_000260	Unique Unidentified Two-handed Weapon Box	유니크 미감정 양손 무기 선택 상자				
INTL_20181111_000261	Select and obtain one Lv. 380 unidentified equipment item.{nl}The item will not be timed or include any trading restrictions.	380레벨 유니크 미감정 장비 아이템을 획득할 수 있습니다.{nl}획득한 장비 아이템은 무제한이며 모든 거래가 가능합니다.				
INTL_20181111_000262	Unique Unidentified One-handed Weapon Box	유니크 미감정 한손 무기 선택 상자				
INTL_20181111_000263	Unique Unidentified Top Armor Box	유니크 미감정 상의 선택 상자				
INTL_20181111_000264	Unique Unidentified Bottom Armor Box	유니크 미감정 하의 선택 상자				
INTL_20181111_000265	Unique Unidentified Gloves Box	유니크 미감정 장갑 선택 상자				
INTL_20181111_000266	Unique Unidentified Boots Box	유니크 미감정 신발 선택 상자				
INTL_20181111_000267	Function compiling tracing data when the ZoneServer FPS drops below 2 frames	ZoneServer의 FPS가 2프레임 이하일때 트레이싱 정보를 수집하는 기능				
INTL_20181116_000268	A title given to winners of the TOS weapon design event. Right-click to use.	TOS Weapon Designer 수상자에게 지급되는 칭호입니다. 마우스 오른쪽 클릭으로 사용합니다.				
INTL_20181116_000269	Talt Processing Device	탈트 가공 장치				
INTL_20181211_000270	Use to receive one random Lv 380 Primus armor item.	사용 시 380레벨 프리머스 방어구 아이템 중 한가지 아이템이 랜덤으로 지급됩니다.				
INTL_20181211_000271	Use to receive one random Lv 380 Primus weapon/subweapon item.	사용 시 380레벨 프리머스 무기/보조무기 아이템 중 한가지 아이템이 랜덤으로 지급됩니다.				
INTL_20181229_000272	2018 Leticia's Treasure Chest (Season 4)	2018 레티샤의 보물 상자(시즌4)				
INTL_20190102_000273	{@st66b}Collection	{@st66b}컬렉션				
INTL_20190104_000274	Title given to winners of the New Year's fan art event. Right-click to use.	New Year Artist 수상자에게 지급되는 칭호입니다. 마우스 오른쪽 클릭으로 사용합니다.				
INTL_20190112_000275	This item can only be used to change the appearance of another.{nl}Does not consume Silver when used as appearance material.{nl}Can be exchanged for Medals at the Exchange Shop.{nl}(This costume was designed by Lunmairetic from [SA] Silute.)	외형 변경 전용 아이템입니다.{nl}해당 아이템으로 외형 변경 시 소재와 실버를 소모하지 않습니다.{nl}리사이클샵에서 메달로 교환할 수 있습니다.{nl}(This costume is designed by Lunmairetic from Silute Server.)				
INTL_20190216_000276	PP Shop 100 Points Voucher	포포샵 100 포인트 구매권				
INTL_20190216_000277	Use to obtain 100 Popo Points.{nl} - Used only during Popo Point Shop event periods.	사용 시 포포샵 100 포인트가 추가됩니다.{nl} - 최대 포인트가 초과될 경우 사용할 수 없습니다.{nl} - 포포샵 이벤트 기간중에만 사용할 수 있습니다.				
INTL_20190216_000278	PP Shop 500 Points Voucher	포포샵 500 포인트 구매권				
INTL_20190216_000279	Use to obtain 500 Popo Points.{nl} - Used only during Popo Point Shop event periods.	사용 시 포포샵 500 포인트가 추가됩니다.{nl} - 최대 포인트가 초과될 경우 사용할 수 없습니다.{nl} - 포포샵 이벤트 기간중에만 사용할 수 있습니다.				
INTL_20190216_000280	PP Shop 1,000 Points Voucher	포포샵 1000 포인트 구매권				
INTL_20190216_000281	Use to obtain 1,000 Popo Points.{nl} - Used only during Popo Point Shop event periods.	사용 시 포포샵 1000 포인트가 추가됩니다.{nl} - 최대 포인트가 초과될 경우 사용할 수 없습니다.{nl} - 포포샵 이벤트 기간중에만 사용할 수 있습니다.				
INTL_20190216_000282	HP Potion (1 Day)	HP 포션 (1일)				
INTL_20190216_000283	Instantly restores 40% of max. HP. {nl}Additionally restores another 40% of HP every 2 seconds over 11 seconds. {nl}Right-click to use. Cooldown of 20 seconds.	HP를 40% 즉시 회복시키고 2초 간격으로 11초 동안 HP를 40% 회복 시켜줍니다. 마우스 오른쪽 클릭으로 사용합니다. 재사용 대기시간 20초.				
INTL_20190216_000284	HP Potion (7 Days)	HP 포션 (7일)				
INTL_20190216_000285	Instantly restores 40% of max. SP. {nl}Additionally restores another 40% of SP every 2 seconds over 11 seconds. {nl}Right-click to use. Cooldown of 20 seconds.	SP를 40% 즉시 회복시키고 2초 간격으로 11초 동안 SP를 40% 회복 시켜줍니다. 마우스 오른쪽 클릭으로 사용합니다. 재사용 대기시간 20초.				
INTL_20190216_000286	SP Potion (1 Day)	SP 포션 (1일)				
INTL_20190216_000287	SP Potion (7 Days)	SP 포션 (7일)				
INTL_20190216_000288	Recipe - 1 Day HP Potion	제작서 - HP 포션 (1일)				
INTL_20190216_000289	Recipe - 7 Day HP Potion	제작서 - HP 포션 (7일)				
INTL_20190216_000290	Recipe - 1 Day SP Potion	제작서 - SP 포션 (1일)				
INTL_20190216_000291	Recipe - 7 Day SP Potion	제작서 - SP 포션 (7일)				
INTL_20190219_000292	A recipe that allows you to craft an item.	아이템을 제작할 수 있는 제작서입니다.				
INTL_20190219_000293	Can be used only during Popo Point Shop events.	포포샵 이벤트 기간에만 사용 가능합니다.				
INTL_20190219_000294	You cannot exceed {MAX} points.	{MAX}포인트를 초과할 수 없습니다.				
INTL_20190228_000295	Festival Firecracker	축제 폭죽				
INTL_20190228_000296	Fireworks for Everyone	모두의 불꽃 축제				
INTL_20190228_000297	You can exchange Festival Firecrackers for useful items at the Event Notice Board.{nl}(Using a Firecracker applies movement speed +2, physical attack +50 and magic attack +50 for 10 minutes.)	축제 폭죽을 모아 이벤트 알림판으로부터 다양한 아이템으로 교환할 수 있습니다.{nl}(사용 시 10분 동안 이동속도 +2, 물리 공격력 +50, 마법 공격력 +50 증가합니다.)				
INTL_20190228_000298	Festival Costume Selection Box	축제 의상 코스튬 선택 상자				
INTL_20190228_000299	Contains a Festival Costume of your choice (Male/Female).	폭죽 축제 이벤트에 참여할 수 있는 축제 의상 코스튬이 담긴 상자입니다.				
INTL_20190228_000300	Male Festival Costume (30 Days)	남성용 축제 의상 코스튬(30일)				
INTL_20190228_000301	A fancy outfit to wear to a festival. Use to change your appearance.	축제에 입고가기 무난한 정장입니다. 착용하면 외형이 변경 됩니다.				
INTL_20190228_000302	Female Festival Costume (30 Days)	여성용 축제 의상 코스튬(30일)				
INTL_20190228_000303	A fancy outfit to wear to a festival. Use to change your appearance.	축제에서 입기 무난한 드레스입니다. 착용하면 외형이 변경 됩니다.				
INTL_20190228_000304	Wear your Festival Costume during the event period and defeat monsters to collect Festival Firecrackers.{nl}Then, bring me the Firecrackers and exchange them for other items!{nl}You can also use the Firecrackers around me to get the Fireworks for Everyone buff.	이벤트 기간 동안 축제 의상을 입고 몬스터를 처치하면 축제 폭죽을 획득할 수 있습니다.{nl}축제 폭죽을 저에게 가져오시면 다양한 아이템으로도 교환할 수 있습니다.{nl}(제 주변에서 축제 폭죽을 사용하면 "모두의 불꽃 축제" 버프를 추가로 획득할 수 있습니다.)				Ninot
INTL_20190228_000305	Applying the Fireworks for Everyone buff in {SEC} second(s).	{SEC}초 후 "모두의 불꽃 축제" 버프가 발동 됩니다.				
INTL_20190228_000306	Fireworks for Everyone is now active!	"모두의 불꽃 축제" 버프가 발동합니다!				
INTL_20190228_000307	Wear your Festival Costume and use a Festival Firecracker to apply the Fireworks for Everyone buff as well.	축제 의상을 입고 축제 폭죽을 사용하면{nl}"모두의 불꽃 축제"{nl}버프를 추가로 획득할 수 있습니다.				
INTL_20190305_000308	Receive special items and buffs during the event period!{nl}Attendance rewards: March 13-17, 2019{nl}Weekend 24-hour buff: March 16-17 and March 23-24, 2019	이벤트 기간동안 특별한 아이템과 버프를 획득할 수 있습니다.{nl}특별 접속 보상: 3월13일 ~ 3월17일{nl}주말 핫타임 24시간 버프: 3월16일 ~ 3월 17일, 3월23일 ~ 3월 24일				특별 접속 보상 이벤트 도우미
INTL_20190309_000309	Snow Globe Cube	3월 특판 큐브				
INTL_20190309_000310	Snow Globe Cube x10+1	3월 특판 큐브 x10+1				
INTL_20190316_000311	Receive Chocolates	달콤한 초콜릿 받기				
INTL_20190316_000312	The event isn't open right now.	이벤트 기간이 아닙니다.				
INTL_20190322_000313	A title given to winners of the content creator event. Right-click to use.	Content Creator 수상자에게 지급되는 칭호입니다. 마우스 오른쪽 클릭으로 사용합니다.				
INTL_20190322_000314	A title given to winners of TOS' anniversary event. Right-click to use.	Happy Anniversary 수상자에게 지급되는 칭호입니다. 마우스 오른쪽 클릭으로 사용합니다.				
INTL_20190405_000315	Flower Petal	꽃잎				
INTL_20190405_000316	Good things happen when you collect Flower Petals.	꽃잎을 모으면 좋은 일이 생길 것 같습니다.				
INTL_20190405_000317	Flower Road Cube	꽃길 큐브				
INTL_20190405_000318	Frill Ornament Fairy Selection Box	프릴 장식 페어리 코스튬 선택 상자				
INTL_20190405_000319	A box containing a Frill Ornament Fairy Costume of your choice (Male or Female). Right-click to use.	프릴 장식 페어리 코스튬이 들어있는 상자입니다. 마우스 오른쪽 버튼 클릭으로 사용합니다.				
INTL_20190405_000320	You need Flower Petal x5.	꽃잎은 5개가 필요합니다.				이벤트 알림판
INTL_20190405_000321	You can receive a Cherry Blossom Hairpin for your first five Flower Petals. For your next five Flower Petals, you can receive a Tricolor Treat Hairpin.	이벤트 기간동안 최초 꽃잎 5개는 삼색 경단 머리핀, 이후 꽃잎 5개는 벚꽃 머리핀으로 교환할 수 있습니다.				이벤트 알림판
INTL_20190405_000322	Flower Road Event	꽃길 이벤트				
INTL_20190419_000323	Check Speedhack Usage	스피드핵 체크 사용 여부				
INTL_20190501_000324	A title given to winners of the Guide Master Event. Right-click to use.	Guide Master 수상자에게 지급되는 칭호입니다. 마우스 오른쪽 클릭으로 사용합니다.				
INTL_20190611_000325	Mystery Cube (Male)	Mystery Cube(남자)				
INTL_20190611_000326	Mystery Cube (Female)	Mystery Cube(여자)				
INTL_20190611_000327	Mystery Cube (Male) x10+1	Mystery Cube(남자) x10+1				
INTL_20190611_000328	Mystery Cube (Female) x10+1	Mystery Cube(여자) x10+1				
INTL_20190628_000329	Class Change Voucher Lv. 4 (1 Day){nl}Stat Reset Potion (1 Day){nl}You can receive 3 of each every day during the event period.	클래스 변경권 Lv.4 (1일){nl}스탯 초기화 포션 (1일){nl}이벤트 기간 동안 매일 3개씩 지원해드리고 있습니다.	QUEST_20181207_010528	Rank Reset Voucher (1 Day){nl}Stat Reset Potion (1 Day){nl}You can receive 3 of each every day during the event period.	랭크 초기화권 (1일){nl}스탯 초기화 포션 (1일){nl}이벤트 기간 동안 매일 3개씩 지원해드리고 있습니다.	초기화 지원 도우미
INTL_20190715_000330	Title - My Buddy Chupacabra	Title - 내친구 츄파카브라				
INTL_20190715_000331	Title given to participants of the My Buddy Chupacabra event. Right-click to use.	사막 츄파카브라 성장 시 지급되는 칭호입니다. 마우스 오른쪽 클릭으로 사용합니다.				
INTL_20190715_000332	Obtain special items during the event period.{nl}Refer to the event banner for details.	이벤트 기간동안 특별한 아이템을 획득할 수 있습니다.{nl}이벤트 배너를 참고해주세요.	INTL_20190305_000308	Receive special items and buffs during the event period!{nl}Attendance rewards: March 13-17, 2019{nl}Weekend 24-hour buff: March 16-17 and March 23-24, 2019	이벤트 기간동안 특별한 아이템과 버프를 획득할 수 있습니다.{nl}특별 접속 보상: 3월13일 ~ 3월17일{nl}주말 핫타임 24시간 버프: 3월16일 ~ 3월 17일, 3월23일 ~ 3월 24일	특별 접속 보상 이벤트 도우미
INTL_20190723_000333	A special type of bait used for fishing. Using it as bait to fish gives you a chance of catching [Event] Hidden Treasure Chest, Silver Fish and Small Silver Fish.	낚시에 사용하는 특별한 미끼입니다. 미끼로 사용할 경우 [이벤트]연못에 숨겨진 보물 상자, 은빛 물고기, 작은 은빛 물고기를 각기 다른 확률로 획득 할 수 있습니다.				
INTL_20190820_000334	[Burning Weekend] EXP	[주말 버닝] 경험치 증가				
INTL_20190820_000335	EXP +100%	경험치 증가 + 100%				
INTL_20190820_000336	[Burning Weekend] Movement Speed	[주말 버닝] 이동 속도 증가				
INTL_20190820_000337	A material item requested by Fedimian's Blacksmith Teliavelis, used to produce special equipment.{nl}Can be obtained by clearing Velcoffer's Nest, Tomb of the White Crow Legend and Unique Raids, Challenge Mode Stage 5, Saalus missions, and level dungeons.{nl}Will be deleted at the end of the event period.	페디미안의 대장장이 테리아베리스가 요청한 특별한 장비를 만들기 위한 특별한 재료입니다.{nl}벨코퍼의 둥지, 흰 까마귀의 영면지: 레전드, 흰 까마귀의 영면지: 유니크, 챌린지 5단계, 수녀원 미션, 레벨 던전 클리어 시 획득할 수 있습니다.{nl}4월 11일 점검 시, 일괄 삭제 됩니다				
INTL_20190820_000338	2019 Summer event is under way!{nl}{#003399}We are currently exchanging [Event]Vasalos Coins{/} and supporting Guild memberships.	2019년 여름을 기념하는 이벤트가 진행 중입니다.{nl}{#003399}[이벤트] 바살로스 주화{/}  교환과 길드 활동 보상을 지원해드립니다.				이벤트 도우미
INTL_20190820_000339	{#003399}[Summer Festa] Summer Vacation in Klaipeda{/} Reward Exchange	2. {#003399}[Summer Festa] 클라페다에서 여름 나기 이벤트{/}의 보상 교환				이벤트 도우미
INTL_20190820_000340	 Complete: 5{nl}- Unique Raids 	 클리어 : 5개{nl}- 유니크 레이드 				대장장이 테리아베리스
INTL_20190820_000341	 Complete: 5{nl}- Challege Mode Stage 5: 2{nl}- Saalus Mission: 1{nl}- Level Dungeon: 1	 클리어 : 5개{nl}- 챌린지 5단계 이상 클리어 : 2개{nl}- 수녀원 미션 클리어 : 1개{nl}- 레벨던전 클리어 : 1개				대장장이 테리아베리스
INTL_20190820_000342	NA	8/15일 하루동안 라떼 캣 헤어 악세사리를 1회 획득할 수 있습니다.				내 마음도 받아줄래 이벤트 도우미
INTL_20190820_000343	NA	추가로 이벤트 기간 아래의 보상을 받을 수 있습니다.{nl}8/14일:화이트 데이 목걸이 (물리/14일) 1개{nl}8/15일:화이트 데이 목걸이 (마법/14일) 1개{nl}8/16일:화이트 데이 팔찌 (마법/14일) 2개{nl}8/17일:화이트 데이 팔찌 (물리/14일) 2개{nl}8/18일:화이트 데이 목걸이 (물리/14일) 1개{nl}8/19일:화이트 데이 팔찌 (물리/14일) 2개				내 마음도 받아줄래 이벤트 도우미
INTL_20190828_000344	This item can only be used to change the appearance of another.{nl}Does not consume Silver when used as appearance material.{nl}Can be exchanged for Medals at the Exchange Shop.{nl}(This costume is designed by Shiseptiana from [SEA] Telsiai.)	외형 변경 전용 아이템입니다.{nl}해당 아이템으로 외형 변경 시 소재와 실버를 소모하지 않습니다.{nl}리사이클샵에서 메달로 교환할 수 있습니다.{nl}(This costume is designed by Shiseptiana from [SEA] Telsiai.)				
INTL_20190903_000345	Adds one character slot to your Lodge.	사용시 캐릭터 슬롯이 추가됩니다.				
INTL_20191024_000346	A title given to winners of 2018 Happy New Year Wishes Greetings event.	2018 Happy New Year Wishes Greetings 수상자에게 지급되는 칭호입니다.	ETC_20180102_031167	A title given to participants of the 2018 Happy New Year Wishes Greetings event. Right-click to use.	2018 Happy New Year Wishes Greetings 수상자에게 지급되는 칭호입니다. 마우스 오른쪽 클릭으로 사용합니다.	
INTL_20191024_000347	A title given to players who have collected the [Event] Revelations.	[이벤트] 계시를 찾은 구원자에게 지급되는 칭호입니다.	INTL_20180406_000133	Title given to players who have collected the [Event] Revelations. Right-click to use.	[이벤트] 계시를 찾은 구원자에게 지급되는 칭호입니다. 마우스 오른쪽 클릭으로 사용합니다.	
INTL_20191024_000348	A title given to winners of Steam Fan Art event.	스팀 팬아트 수상자에게 지급되는 칭호입니다.	INTL_20180312_000102	Ttitle given to winners of the 2nd Anniversary fanart event. Right-click to use.	스팀 팬아트 수상자에게 지급되는 칭호입니다. 마우스 오른쪽 클릭으로 사용합니다.	
INTL_20191024_000349	A title given to the most creative TPP players.	Creative TPP Player에게 지급되는 칭호입니다.	INTL_20180615_000172	A title given to the most creative TPP players. Right-click to use.	Creative TPP Player에게 지급되는 칭호입니다. 마우스 오른쪽 클릭으로 사용합니다.	
INTL_20191024_000350	A title given to winners of Loving Summer Fan Art event.	Loving Summer 팬아트 수상자에게 지급되는 칭호입니다.	INTL_20180723_000182	Title given to awarded contestants of the 2018 Summer fanart festival. Right-click to use.	Loving Summer 팬아트 수상자에게 지급되는 칭호입니다. 마우스 오른쪽 클릭으로 사용합니다.	
INTL_20191024_000351	A title given to event participants.	이벤트 참여자에게 지급되는 칭호입니다.	INTL_20180809_000183	A title given to event participants. Right-click to use.	이벤트 참여자에게 지급되는 칭호입니다. 마우스 오른쪽 클릭으로 사용합니다.	
INTL_20191024_000352	A title given to Game Guide Creators.	Game Guide Creator에게 지급되는 칭호입니다.	INTL_20180827_000243	A title given to Game Guide Creators. Right-click to use.	Game Guide Creator에게 지급되는 칭호입니다. 마우스 오른쪽 클릭으로 사용합니다.	
INTL_20191024_000353	A title given to winners of Halloween Fan Art event.	Horror Night 팬아트 수상자에게 지급되는 칭호입니다.	INTL_20180928_000253	A title given to winners of the 2018 Halloween fan art contest. Right-click to use.	Horror Night 팬아트 수상자에게 지급되는 칭호입니다. 마우스 오른쪽 클릭으로 사용합니다.	
INTL_20191024_000354	A title given to winners of TOS Weapon Design event.	TOS Weapon Designer 수상자에게 지급되는 칭호입니다.	INTL_20181116_000268	A title given to winners of the TOS weapon design event. Right-click to use.	TOS Weapon Designer 수상자에게 지급되는 칭호입니다. 마우스 오른쪽 클릭으로 사용합니다.	
INTL_20191024_000355	A title given to winners of New Year's Artist event.	New Year Artist 수상자에게 지급되는 칭호입니다.	INTL_20190104_000274	Title given to winners of the New Year's fan art event. Right-click to use.	New Year Artist 수상자에게 지급되는 칭호입니다. 마우스 오른쪽 클릭으로 사용합니다.	
INTL_20191024_000356	A title given to winners of Content Creator event.	Content Creator 수상자에게 지급되는 칭호입니다.	INTL_20190322_000313	A title given to winners of the content creator event. Right-click to use.	Content Creator 수상자에게 지급되는 칭호입니다. 마우스 오른쪽 클릭으로 사용합니다.	
INTL_20191024_000357	A title given to winners of Happy Anniversary event.	Happy Anniversary 수상자에게 지급되는 칭호입니다.	INTL_20190322_000314	A title given to winners of TOS' anniversary event. Right-click to use.	Happy Anniversary 수상자에게 지급되는 칭호입니다. 마우스 오른쪽 클릭으로 사용합니다.	
INTL_20191024_000358	A title given to winners of Guide Master event.	Guide Master 수상자에게 지급되는 칭호입니다.	INTL_20190501_000324	A title given to winners of the Guide Master Event. Right-click to use.	Guide Master 수상자에게 지급되는 칭호입니다. 마우스 오른쪽 클릭으로 사용합니다.	
INTL_20191024_000359	[Grimoire Equip Effect] Summons Demon Lord Marnox when using Summoning{nl}[Cannot be traded]	[그리모어 장착 효과] 서모닝 사용 시 마군주 마르녹스 형태의 악마 소환{nl}[거래 불가]				
INTL_20191024_000360	[Grimoire Equip Effect] Summons Demon Lord Blut when using Summoning{nl}[Cannot be traded]	[그리모어 장착 효과] 서모닝 사용 시 마군주 블룻 형태의 악마 소환{nl}[거래 불가]				
INTL_20191024_000361	[Grimoire Equip Effect] Summons Demon Lord Zaura when using Summoning{nl}[Cannot be traded]	[그리모어 장착 효과] 서모닝 사용 시 마군주 자우라 형태의 악마 소환{nl}[거래 불가]				
INTL_20191024_000362	[Grimoire Equip Effect] Summons Demon Lord Nuaele when using Summoning{nl}[Cannot be traded]	[그리모어 장착 효과] 서모닝 사용 시 마군주 누아엘레 형태의 악마 소환{nl}[거래 불가]				
INTL_20191024_000363	[Grimoire Equip Effect] Summons Demon Lord Helgasercle when using Summoning{nl}[Cannot be traded]	[그리모어 장착 효과] 서모닝 사용 시 마군주 헬가 세르클 형태의 악마 소환{nl}[거래 불가]				
INTL_20191024_000364	[Grimoire Equip Effect] Summons Demon Lord Blut when using Summoning{nl}[Cannot be traded]{nl}[Cannot be traded]	[그리모어 장착 효과] 서모닝 사용 시 마군주 렉시퍼 형태의 악마 소환{nl}[거래 불가]				
INTL_20191024_000365	[Grimoire Equip Effect] Summons Demon Lord Mirtis when using Summoning{nl}[Cannot be traded]	[그리모어 장착 효과] 서모닝 사용 시 마군주 미르티스 형태의 악마 소환{nl}[거래 불가]				
INTL_20191024_000366	[Grimoire Equip Effect] Summons Demon Lord Froster Lord when using Summoning{nl}[Cannot be traded]	[그리모어 장착 효과] 서모닝 사용 시 마군주 프로스터 로드 형태의 악마 소환{nl}[거래 불가]				
INTL_20191024_000367	Use to obtain one of the followig items.{nl}- Demon Lord Marnox Card [Cannot be traded] x1{nl}- Demon Lord Blut Card [Cannot be traded] x1{nl}- Demon Lord Zaura Card [Cannot be traded] x1{nl}- Demon Lord Nuaele Card [Cannot be traded] x1{nl}- Demon Lord Helgasercle Card [Cannot be traded] x1{nl}- Demon Lord Rexipher Card [Cannot be traded] x1{nl}- Demon Lord Mirtis Card [Cannot be traded] x1{nl}- Demon Lord Froster Lord Card [Cannot be traded] x1	사용 시 아래의 구성물 중 하나를 선택해 획득할 수 있습니다.{nl} - 마군주 마르녹스 카드 [거래 불가] 1개{nl} - 마군주 블룻 카드 [거래 불가] 1개{nl} - 마군주 자우라 카드 [거래 불가] 1개{nl} - 마군주 누아엘레 카드 [거래 불가] 1개{nl} - 마군주 헬가 세르클 카드 [거래 불가] 1개{nl} - 마군주 렉시퍼 카드 [거래 불가] 1개{nl} - 마군주 미르티스 카드 [거래 불가] 1개{nl} - 마군주 프로스터 로드 카드 [거래 불가] 1개				
INTL_20191104_000368	Event: Halloween Uphill Defense	이벤트: 와글와글 할로윈 업힐 디펜스				
INTL_20191104_000369	Event: Halloween Midnight Rumble	이벤트: 할로윈 밤의 소동				
INTL_20191104_000370	Halloween Midnight Rumble Helper	할로윈 밤의 소동 이벤트 도우미				
INTL_20191203_000371	+90% EXP gained from hunting monsters{nl}+3 movement speed{nl}+500 max. HP	몬스터 처치 시 획득 경험치 +90%{nl}이동 속도 +3{nl}최대 체력 + 500	SKILL_20161226_007306	+90% EXP from hunting monsters{nl}+3 movement speed	몬스터 처치 시 획득 경험치 +90%{nl}이동 속도 +3	
INTL_20191203_000372	+120% EXP gained from hunting monsters{nl}+4 movement speed{nl}+1000 max. HP	몬스터 처치 시 획득 경험치 +120%{nl}이동 속도 +4{nl}최대 체력 + 1000	SKILL_20161226_007308	+120% EXP from hunting monsters{nl}+4 movement speed	몬스터 처치 시 획득 경험치 +120%{nl}이동 속도 +4	
INTL_20191203_000373	+150% EXP gained from hunting monsters{nl}+5 movement speed{nl}+2000 max. HP	몬스터 처치 시 획득 경험치 +150%{nl}이동 속도 +5{nl}최대 체력 + 2000	SKILL_20161226_007310	+150% EXP from hunting monsters{nl}+5 movement speed	몬스터 처치 시 획득 경험치 +150%{nl}이동 속도 +5	
INTL_20191203_000374	Use the {#FF0000}[Event] Royal Christmas Key{/} to open the chest?	{#FF0000}[이벤트] 로열 크리스마스 열쇠{/}를 사용하여 상자를 여시겠습니까?				크리스마스 로열 상자
INTL_20191203_000375	Can only be accessed during the weekends.	주말에만 대화하실 수 있습니다.				
INTL_20191205_000376	Use to open the Christmas Royal Chest in Klaipeda to obtain a reward item at random from the following listed.{nl}[Event] Attribute Points 10,000 x1{nl}, [Event] Attribute Points 1,000 x1{nl}- [Event] Attribute Points 500 x1, Raid Portal Stone x3{nl}- Goddess Sculpture (14 Days) x5, Miracle Seed (14 Days) x5{nl}- [Event] Guild Quest Reward Coin: Silver x1{nl}Will be automatically deleted at the end of the event period.	클라페다에 위치한 크리스마스 로열 상자를 열어 아래 아이템 중 각기 다른 확률로 한 개의 아이템을 획득할 수 있습니다.{nl}[이벤트]특성 포인트 10,000 x1{nl}[이벤트]특성 포인트 1,000 x1{nl}[이벤트]특성 포인트 500 x1{nl}축복이 깃든 씨앗(14일) x1{nl}여신의 조각상(14일) x1{nl}[이벤트] 길드 퀘스트 보상 주화 : 은 x1{nl}레이드 포탈 스톤 x1{nl}19년 12월 26일 점검시, 일괄 삭제됩니다.				
INTL_20191216_000377	{img test_cooltime 25 25}{s18}Points are reset every quarter.	{img test_cooltime 25 25}{s18}매 분기마다 포인트 초기화가 진행됩니다.				
INTL_20191216_000378	 {nl}Please select a reward.	 {nl}원하는 보상을 선택해주세요.				
INTL_20191230_000379	Can only be accessed on Fridays, Saturdays and Sundays.	금,토,일에만 대화하실 수 있습니다.	INTL_20191203_000375	Can only be accessed during the weekends.	주말에만 대화하실 수 있습니다.	
INTL_20200114_000380	Road to Spring 	봄으로 가는 길 				
INTL_20200114_000381	Spring Cube	봄 큐브	INTL_20190405_000317	Flower Road Cube	꽃길 큐브	
INTL_20200114_000382	Road to Spring Mission	봄으로 가는 길 이벤트 미션				
INTL_20200114_000383	You can receive a Cherry Blossom Hairpin for your first five {#661199}Flower Petals{/}. For your next five {#661199}Flower Petals{/}, you can receive 25 Spring Cubes.	이벤트 기간동안 최초 {#661199}꽃잎{/} 5개는 삼색 경단 머리핀, 이후 {#661199}꽃잎{/} 5개는 봄 큐브 25개로 교환할 수 있습니다.	INTL_20190405_000321	You can receive a Cherry Blossom Hairpin for your first five Flower Petals. For your next five Flower Petals, you can receive a Tricolor Treat Hairpin.	이벤트 기간동안 최초 꽃잎 5개는 삼색 경단 머리핀, 이후 꽃잎 5개는 벚꽃 머리핀으로 교환할 수 있습니다.	이벤트 알림판
INTL_20200114_000384	{#661199}Road to Spring Information	{#661199}봄으로 가는 길 이벤트 안내	INTL_20190405_000322	Flower Road Event	꽃길 이벤트	
INTL_20200206_000385	{@st66d_y}{s14}Goddess’{nl}Blessing	{@st66d_y}{s14}여신의{nl}축복				
INTL_20200214_000386	: x5{nl}- Legend Raids: Casual : x2{nl}- Unique Raids : x5{nl}- Unique Raids: Casual : x2{nl}- Challenge Mode Stage 5+: x2{nl}- Level Dungeons: x1	 클리어 : 5개{nl}- 레전드 레이드:캐주얼 클리어 : 2개{nl}- 유니크 레이드 클리어 : 5개{nl}- 유니크 레이드:캐주얼 클리어 : 2개{nl}- 챌린지 5단계 이상 클리어 : 2개{nl}- 레벨던전 클리어 : 1개				대장장이 테리아베리스
